InvoiceId,CustomerId,InvoiceDate,BillingAddress,BillingCity,BillingState,BillingCountry,BillingPostalCode,Total,CustomerId,FirstName,LastName,Company,Address,City,State,Country,PostalCode,Phone,Fax,Email,SupportRepId
1,2,2009-01-01 00:00:00,Theodor-Heuss-Straße 34,Stuttgart,,Germany,70174,1.98,2,Leonie,Köhler,,Theodor-Heuss-Straße 34,Stuttgart,,Germany,70174,+49 0711 2842222,,leonekohler@surfeu.de,5
2,4,2009-01-02 00:00:00,Ullevålsveien 14,Oslo,,Norway,0171,3.96,4,Bjørn,Hansen,,Ullevålsveien 14,Oslo,,Norway,0171,+47 22 44 22 22,,bjorn.hansen@yahoo.no,4
3,8,2009-01-03 00:00:00,Grétrystraat 63,Brussels,,Belgium,1000,5.94,8,Daan,Peeters,,Grétrystraat 63,Brussels,,Belgium,1000,+32 02 219 03 03,,daan_peeters@apple.be,4
4,14,2009-01-06 00:00:00,8210 111 ST NW,Edmonton,AB,Canada,T6G 2C7,8.91,14,Mark,Philips,Telus,8210 111 ST NW,Edmonton,AB,Canada,T6G 2C7,+1 (780) 434-4554,+1 (780) 434-5565,mphilips12@shaw.ca,5
5,23,2009-01-11 00:00:00,69 Salem Street,Boston,MA,USA,2113,13.86,23,John,Gordon,,69 Salem Street,Boston,MA,USA,2113,+1 (617) 522-1333,,johngordon22@yahoo.com,4
6,37,2009-01-19 00:00:00,Berger Straße 10,Frankfurt,,Germany,60316,0.99,37,Fynn,Zimmermann,,Berger Straße 10,Frankfurt,,Germany,60316,+49 069 40598889,,fzimmermann@yahoo.de,3
7,38,2009-02-01 00:00:00,Barbarossastraße 19,Berlin,,Germany,10779,1.98,38,Niklas,Schröder,,Barbarossastraße 19,Berlin,,Germany,10779,+49 030 2141444,,nschroder@surfeu.de,3
8,40,2009-02-01 00:00:00,"8, Rue Hanovre",Paris,,France,75002,1.98,40,Dominique,Lefebvre,,"8, Rue Hanovre",Paris,,France,75002,+33 01 47 42 71 71,,dominiquelefebvre@gmail.com,4
9,42,2009-02-02 00:00:00,"9, Place Louis Barthou",Bordeaux,,France,33000,3.96,42,Wyatt,Girard,,"9, Place Louis Barthou",Bordeaux,,France,33000,+33 05 56 96 96 96,,wyatt.girard@yahoo.fr,3
10,46,2009-02-03 00:00:00,3 Chatham Street,Dublin,Dublin,Ireland,,5.94,46,Hugh,O'Reilly,,3 Chatham Street,Dublin,Dublin,Ireland,,+353 01 6792424,,hughoreilly@apple.ie,3
11,52,2009-02-06 00:00:00,202 Hoxton Street,London,,United Kingdom,N1 5LH,8.91,52,Emma,Jones,,202 Hoxton Street,London,,United Kingdom,N1 5LH,+44 020 7707 0707,,emma_jones@hotmail.com,3
12,2,2009-02-11 00:00:00,Theodor-Heuss-Straße 34,Stuttgart,,Germany,70174,13.86,2,Leonie,Köhler,,Theodor-Heuss-Straße 34,Stuttgart,,Germany,70174,+49 0711 2842222,,leonekohler@surfeu.de,5
13,16,2009-02-19 00:00:00,1600 Amphitheatre Parkway,Mountain View,CA,USA,94043-1351,0.99,16,Frank,Harris,Google Inc.,1600 Amphitheatre Parkway,Mountain View,CA,USA,94043-1351,+1 (650) 253-0000,+1 (650) 253-0000,fharris@google.com,4
14,17,2009-03-04 00:00:00,1 Microsoft Way,Redmond,WA,USA,98052-8300,1.98,17,Jack,Smith,Microsoft Corporation,1 Microsoft Way,Redmond,WA,USA,98052-8300,+1 (425) 882-8080,+1 (425) 882-8081,jacksmith@microsoft.com,5
15,19,2009-03-04 00:00:00,1 Infinite Loop,Cupertino,CA,USA,95014,1.98,19,Tim,Goyer,Apple Inc.,1 Infinite Loop,Cupertino,CA,USA,95014,+1 (408) 996-1010,+1 (408) 996-1011,tgoyer@apple.com,3
16,21,2009-03-05 00:00:00,801 W 4th Street,Reno,NV,USA,89503,3.96,21,Kathy,Chase,,801 W 4th Street,Reno,NV,USA,89503,+1 (775) 223-7665,,kachase@hotmail.com,5
17,25,2009-03-06 00:00:00,319 N. Frances Street,Madison,WI,USA,53703,5.94,25,Victor,Stevens,,319 N. Frances Street,Madison,WI,USA,53703,+1 (608) 257-0597,,vstevens@yahoo.com,5
18,31,2009-03-09 00:00:00,194A Chain Lake Drive,Halifax,NS,Canada,B3S 1C5,8.91,31,Martha,Silk,,194A Chain Lake Drive,Halifax,NS,Canada,B3S 1C5,+1 (902) 450-0450,,marthasilk@gmail.com,5
19,40,2009-03-14 00:00:00,"8, Rue Hanovre",Paris,,France,75002,13.86,40,Dominique,Lefebvre,,"8, Rue Hanovre",Paris,,France,75002,+33 01 47 42 71 71,,dominiquelefebvre@gmail.com,4
20,54,2009-03-22 00:00:00,110 Raeburn Pl,Edinburgh ,,United Kingdom,EH4 1HH,0.99,54,Steve,Murray,,110 Raeburn Pl,Edinburgh ,,United Kingdom,EH4 1HH,+44 0131 315 3300,,steve.murray@yahoo.uk,5
21,55,2009-04-04 00:00:00,421 Bourke Street,Sidney,NSW,Australia,2010,1.98,55,Mark,Taylor,,421 Bourke Street,Sidney,NSW,Australia,2010,+61 (02) 9332 3633,,mark.taylor@yahoo.au,4
22,57,2009-04-04 00:00:00,"Calle Lira, 198",Santiago,,Chile,,1.98,57,Luis,Rojas,,"Calle Lira, 198",Santiago,,Chile,,+56 (0)2 635 4444,,luisrojas@yahoo.cl,5
23,59,2009-04-05 00:00:00,"3,Raj Bhavan Road",Bangalore,,India,560001,3.96,59,Puja,Srivastava,,"3,Raj Bhavan Road",Bangalore,,India,560001,+91 080 22289999,,puja_srivastava@yahoo.in,3
24,4,2009-04-06 00:00:00,Ullevålsveien 14,Oslo,,Norway,0171,5.94,4,Bjørn,Hansen,,Ullevålsveien 14,Oslo,,Norway,0171,+47 22 44 22 22,,bjorn.hansen@yahoo.no,4
25,10,2009-04-09 00:00:00,"Rua Dr. Falcão Filho, 155",São Paulo,SP,Brazil,01007-010,8.91,10,Eduardo,Martins,Woodstock Discos,"Rua Dr. Falcão Filho, 155",São Paulo,SP,Brazil,01007-010,+55 (11) 3033-5446,+55 (11) 3033-4564,eduardo@woodstock.com.br,4
26,19,2009-04-14 00:00:00,1 Infinite Loop,Cupertino,CA,USA,95014,13.86,19,Tim,Goyer,Apple Inc.,1 Infinite Loop,Cupertino,CA,USA,95014,+1 (408) 996-1010,+1 (408) 996-1011,tgoyer@apple.com,3
27,33,2009-04-22 00:00:00,5112 48 Street,Yellowknife,NT,Canada,X1A 1N6,0.99,33,Ellie,Sullivan,,5112 48 Street,Yellowknife,NT,Canada,X1A 1N6,+1 (867) 920-2233,,ellie.sullivan@shaw.ca,3
28,34,2009-05-05 00:00:00,Rua da Assunção 53,Lisbon,,Portugal,,1.98,34,João,Fernandes,,Rua da Assunção 53,Lisbon,,Portugal,,+351 (213) 466-111,,jfernandes@yahoo.pt,4
29,36,2009-05-05 00:00:00,Tauentzienstraße 8,Berlin,,Germany,10789,1.98,36,Hannah,Schneider,,Tauentzienstraße 8,Berlin,,Germany,10789,+49 030 26550280,,hannah.schneider@yahoo.de,5
30,38,2009-05-06 00:00:00,Barbarossastraße 19,Berlin,,Germany,10779,3.96,38,Niklas,Schröder,,Barbarossastraße 19,Berlin,,Germany,10779,+49 030 2141444,,nschroder@surfeu.de,3
31,42,2009-05-07 00:00:00,"9, Place Louis Barthou",Bordeaux,,France,33000,5.94,42,Wyatt,Girard,,"9, Place Louis Barthou",Bordeaux,,France,33000,+33 05 56 96 96 96,,wyatt.girard@yahoo.fr,3
32,48,2009-05-10 00:00:00,Lijnbaansgracht 120bg,Amsterdam,VV,Netherlands,1016,8.91,48,Johannes,Van der Berg,,Lijnbaansgracht 120bg,Amsterdam,VV,Netherlands,1016,+31 020 6223130,,johavanderberg@yahoo.nl,5
33,57,2009-05-15 00:00:00,"Calle Lira, 198",Santiago,,Chile,,13.86,57,Luis,Rojas,,"Calle Lira, 198",Santiago,,Chile,,+56 (0)2 635 4444,,luisrojas@yahoo.cl,5
34,12,2009-05-23 00:00:00,"Praça Pio X, 119",Rio de Janeiro,RJ,Brazil,20040-020,0.99,12,Roberto,Almeida,Riotur,"Praça Pio X, 119",Rio de Janeiro,RJ,Brazil,20040-020,+55 (21) 2271-7000,+55 (21) 2271-7070,roberto.almeida@riotur.gov.br,3
35,13,2009-06-05 00:00:00,Qe 7 Bloco G,Brasília,DF,Brazil,71020-677,1.98,13,Fernanda,Ramos,,Qe 7 Bloco G,Brasília,DF,Brazil,71020-677,+55 (61) 3363-5547,+55 (61) 3363-7855,fernadaramos4@uol.com.br,4
36,15,2009-06-05 00:00:00,700 W Pender Street,Vancouver,BC,Canada,V6C 1G8,1.98,15,Jennifer,Peterson,Rogers Canada,700 W Pender Street,Vancouver,BC,Canada,V6C 1G8,+1 (604) 688-2255,+1 (604) 688-8756,jenniferp@rogers.ca,3
37,17,2009-06-06 00:00:00,1 Microsoft Way,Redmond,WA,USA,98052-8300,3.96,17,Jack,Smith,Microsoft Corporation,1 Microsoft Way,Redmond,WA,USA,98052-8300,+1 (425) 882-8080,+1 (425) 882-8081,jacksmith@microsoft.com,5
38,21,2009-06-07 00:00:00,801 W 4th Street,Reno,NV,USA,89503,5.94,21,Kathy,Chase,,801 W 4th Street,Reno,NV,USA,89503,+1 (775) 223-7665,,kachase@hotmail.com,5
39,27,2009-06-10 00:00:00,1033 N Park Ave,Tucson,AZ,USA,85719,8.91,27,Patrick,Gray,,1033 N Park Ave,Tucson,AZ,USA,85719,+1 (520) 622-4200,,patrick.gray@aol.com,4
40,36,2009-06-15 00:00:00,Tauentzienstraße 8,Berlin,,Germany,10789,13.86,36,Hannah,Schneider,,Tauentzienstraße 8,Berlin,,Germany,10789,+49 030 26550280,,hannah.schneider@yahoo.de,5
41,50,2009-06-23 00:00:00,C/ San Bernardo 85,Madrid,,Spain,28015,0.99,50,Enrique,Muñoz,,C/ San Bernardo 85,Madrid,,Spain,28015,+34 914 454 454,,enrique_munoz@yahoo.es,5
42,51,2009-07-06 00:00:00,Celsiusg. 9,Stockholm,,Sweden,11230,1.98,51,Joakim,Johansson,,Celsiusg. 9,Stockholm,,Sweden,11230,+46 08-651 52 52,,joakim.johansson@yahoo.se,5
43,53,2009-07-06 00:00:00,113 Lupus St,London,,United Kingdom,SW1V 3EN,1.98,53,Phil,Hughes,,113 Lupus St,London,,United Kingdom,SW1V 3EN,+44 020 7976 5722,,phil.hughes@gmail.com,3
44,55,2009-07-07 00:00:00,421 Bourke Street,Sidney,NSW,Australia,2010,3.96,55,Mark,Taylor,,421 Bourke Street,Sidney,NSW,Australia,2010,+61 (02) 9332 3633,,mark.taylor@yahoo.au,4
45,59,2009-07-08 00:00:00,"3,Raj Bhavan Road",Bangalore,,India,560001,5.94,59,Puja,Srivastava,,"3,Raj Bhavan Road",Bangalore,,India,560001,+91 080 22289999,,puja_srivastava@yahoo.in,3
46,6,2009-07-11 00:00:00,Rilská 3174/6,Prague,,Czech Republic,14300,8.91,6,Helena,Holý,,Rilská 3174/6,Prague,,Czech Republic,14300,+420 2 4177 0449,,hholy@gmail.com,5
47,15,2009-07-16 00:00:00,700 W Pender Street,Vancouver,BC,Canada,V6C 1G8,13.86,15,Jennifer,Peterson,Rogers Canada,700 W Pender Street,Vancouver,BC,Canada,V6C 1G8,+1 (604) 688-2255,+1 (604) 688-8756,jenniferp@rogers.ca,3
48,29,2009-07-24 00:00:00,796 Dundas Street West,Toronto,ON,Canada,M6J 1V1,0.99,29,Robert,Brown,,796 Dundas Street West,Toronto,ON,Canada,M6J 1V1,+1 (416) 363-8888,,robbrown@shaw.ca,3
49,30,2009-08-06 00:00:00,230 Elgin Street,Ottawa,ON,Canada,K2P 1L7,1.98,30,Edward,Francis,,230 Elgin Street,Ottawa,ON,Canada,K2P 1L7,+1 (613) 234-3322,,edfrancis@yachoo.ca,3
50,32,2009-08-06 00:00:00,696 Osborne Street,Winnipeg,MB,Canada,R3L 2B9,1.98,32,Aaron,Mitchell,,696 Osborne Street,Winnipeg,MB,Canada,R3L 2B9,+1 (204) 452-6452,,aaronmitchell@yahoo.ca,4
51,34,2009-08-07 00:00:00,Rua da Assunção 53,Lisbon,,Portugal,,3.96,34,João,Fernandes,,Rua da Assunção 53,Lisbon,,Portugal,,+351 (213) 466-111,,jfernandes@yahoo.pt,4
52,38,2009-08-08 00:00:00,Barbarossastraße 19,Berlin,,Germany,10779,5.94,38,Niklas,Schröder,,Barbarossastraße 19,Berlin,,Germany,10779,+49 030 2141444,,nschroder@surfeu.de,3
53,44,2009-08-11 00:00:00,Porthaninkatu 9,Helsinki,,Finland,00530,8.91,44,Terhi,Hämäläinen,,Porthaninkatu 9,Helsinki,,Finland,00530,+358 09 870 2000,,terhi.hamalainen@apple.fi,3
54,53,2009-08-16 00:00:00,113 Lupus St,London,,United Kingdom,SW1V 3EN,13.86,53,Phil,Hughes,,113 Lupus St,London,,United Kingdom,SW1V 3EN,+44 020 7976 5722,,phil.hughes@gmail.com,3
55,8,2009-08-24 00:00:00,Grétrystraat 63,Brussels,,Belgium,1000,0.99,8,Daan,Peeters,,Grétrystraat 63,Brussels,,Belgium,1000,+32 02 219 03 03,,daan_peeters@apple.be,4
56,9,2009-09-06 00:00:00,Sønder Boulevard 51,Copenhagen,,Denmark,1720,1.98,9,Kara,Nielsen,,Sønder Boulevard 51,Copenhagen,,Denmark,1720,+453 3331 9991,,kara.nielsen@jubii.dk,4
57,11,2009-09-06 00:00:00,"Av. Paulista, 2022",São Paulo,SP,Brazil,01310-200,1.98,11,Alexandre,Rocha,Banco do Brasil S.A.,"Av. Paulista, 2022",São Paulo,SP,Brazil,01310-200,+55 (11) 3055-3278,+55 (11) 3055-8131,alero@uol.com.br,5
58,13,2009-09-07 00:00:00,Qe 7 Bloco G,Brasília,DF,Brazil,71020-677,3.96,13,Fernanda,Ramos,,Qe 7 Bloco G,Brasília,DF,Brazil,71020-677,+55 (61) 3363-5547,+55 (61) 3363-7855,fernadaramos4@uol.com.br,4
59,17,2009-09-08 00:00:00,1 Microsoft Way,Redmond,WA,USA,98052-8300,5.94,17,Jack,Smith,Microsoft Corporation,1 Microsoft Way,Redmond,WA,USA,98052-8300,+1 (425) 882-8080,+1 (425) 882-8081,jacksmith@microsoft.com,5
60,23,2009-09-11 00:00:00,69 Salem Street,Boston,MA,USA,2113,8.91,23,John,Gordon,,69 Salem Street,Boston,MA,USA,2113,+1 (617) 522-1333,,johngordon22@yahoo.com,4
61,32,2009-09-16 00:00:00,696 Osborne Street,Winnipeg,MB,Canada,R3L 2B9,13.86,32,Aaron,Mitchell,,696 Osborne Street,Winnipeg,MB,Canada,R3L 2B9,+1 (204) 452-6452,,aaronmitchell@yahoo.ca,4
62,46,2009-09-24 00:00:00,3 Chatham Street,Dublin,Dublin,Ireland,,0.99,46,Hugh,O'Reilly,,3 Chatham Street,Dublin,Dublin,Ireland,,+353 01 6792424,,hughoreilly@apple.ie,3
63,47,2009-10-07 00:00:00,"Via Degli Scipioni, 43",Rome,RM,Italy,00192,1.98,47,Lucas,Mancini,,"Via Degli Scipioni, 43",Rome,RM,Italy,00192,+39 06 39733434,,lucas.mancini@yahoo.it,5
64,49,2009-10-07 00:00:00,Ordynacka 10,Warsaw,,Poland,00-358,1.98,49,Stanisław,Wójcik,,Ordynacka 10,Warsaw,,Poland,00-358,+48 22 828 37 39,,stanisław.wójcik@wp.pl,4
65,51,2009-10-08 00:00:00,Celsiusg. 9,Stockholm,,Sweden,11230,3.96,51,Joakim,Johansson,,Celsiusg. 9,Stockholm,,Sweden,11230,+46 08-651 52 52,,joakim.johansson@yahoo.se,5
66,55,2009-10-09 00:00:00,421 Bourke Street,Sidney,NSW,Australia,2010,5.94,55,Mark,Taylor,,421 Bourke Street,Sidney,NSW,Australia,2010,+61 (02) 9332 3633,,mark.taylor@yahoo.au,4
67,2,2009-10-12 00:00:00,Theodor-Heuss-Straße 34,Stuttgart,,Germany,70174,8.91,2,Leonie,Köhler,,Theodor-Heuss-Straße 34,Stuttgart,,Germany,70174,+49 0711 2842222,,leonekohler@surfeu.de,5
68,11,2009-10-17 00:00:00,"Av. Paulista, 2022",São Paulo,SP,Brazil,01310-200,13.86,11,Alexandre,Rocha,Banco do Brasil S.A.,"Av. Paulista, 2022",São Paulo,SP,Brazil,01310-200,+55 (11) 3055-3278,+55 (11) 3055-8131,alero@uol.com.br,5
69,25,2009-10-25 00:00:00,319 N. Frances Street,Madison,WI,USA,53703,0.99,25,Victor,Stevens,,319 N. Frances Street,Madison,WI,USA,53703,+1 (608) 257-0597,,vstevens@yahoo.com,5
70,26,2009-11-07 00:00:00,2211 W Berry Street,Fort Worth,TX,USA,76110,1.98,26,Richard,Cunningham,,2211 W Berry Street,Fort Worth,TX,USA,76110,+1 (817) 924-7272,,ricunningham@hotmail.com,4
71,28,2009-11-07 00:00:00,302 S 700 E,Salt Lake City,UT,USA,84102,1.98,28,Julia,Barnett,,302 S 700 E,Salt Lake City,UT,USA,84102,+1 (801) 531-7272,,jubarnett@gmail.com,5
72,30,2009-11-08 00:00:00,230 Elgin Street,Ottawa,ON,Canada,K2P 1L7,3.96,30,Edward,Francis,,230 Elgin Street,Ottawa,ON,Canada,K2P 1L7,+1 (613) 234-3322,,edfrancis@yachoo.ca,3
73,34,2009-11-09 00:00:00,Rua da Assunção 53,Lisbon,,Portugal,,5.94,34,João,Fernandes,,Rua da Assunção 53,Lisbon,,Portugal,,+351 (213) 466-111,,jfernandes@yahoo.pt,4
74,40,2009-11-12 00:00:00,"8, Rue Hanovre",Paris,,France,75002,8.91,40,Dominique,Lefebvre,,"8, Rue Hanovre",Paris,,France,75002,+33 01 47 42 71 71,,dominiquelefebvre@gmail.com,4
75,49,2009-11-17 00:00:00,Ordynacka 10,Warsaw,,Poland,00-358,13.86,49,Stanisław,Wójcik,,Ordynacka 10,Warsaw,,Poland,00-358,+48 22 828 37 39,,stanisław.wójcik@wp.pl,4
76,4,2009-11-25 00:00:00,Ullevålsveien 14,Oslo,,Norway,0171,0.99,4,Bjørn,Hansen,,Ullevålsveien 14,Oslo,,Norway,0171,+47 22 44 22 22,,bjorn.hansen@yahoo.no,4
77,5,2009-12-08 00:00:00,Klanova 9/506,Prague,,Czech Republic,14700,1.98,5,František,Wichterlová,JetBrains s.r.o.,Klanova 9/506,Prague,,Czech Republic,14700,+420 2 4172 5555,+420 2 4172 5555,frantisekw@jetbrains.com,4
78,7,2009-12-08 00:00:00,"Rotenturmstraße 4, 1010 Innere Stadt",Vienne,,Austria,1010,1.98,7,Astrid,Gruber,,"Rotenturmstraße 4, 1010 Innere Stadt",Vienne,,Austria,1010,+43 01 5134505,,astrid.gruber@apple.at,5
79,9,2009-12-09 00:00:00,Sønder Boulevard 51,Copenhagen,,Denmark,1720,3.96,9,Kara,Nielsen,,Sønder Boulevard 51,Copenhagen,,Denmark,1720,+453 3331 9991,,kara.nielsen@jubii.dk,4
80,13,2009-12-10 00:00:00,Qe 7 Bloco G,Brasília,DF,Brazil,71020-677,5.94,13,Fernanda,Ramos,,Qe 7 Bloco G,Brasília,DF,Brazil,71020-677,+55 (61) 3363-5547,+55 (61) 3363-7855,fernadaramos4@uol.com.br,4
81,19,2009-12-13 00:00:00,1 Infinite Loop,Cupertino,CA,USA,95014,8.91,19,Tim,Goyer,Apple Inc.,1 Infinite Loop,Cupertino,CA,USA,95014,+1 (408) 996-1010,+1 (408) 996-1011,tgoyer@apple.com,3
82,28,2009-12-18 00:00:00,302 S 700 E,Salt Lake City,UT,USA,84102,13.86,28,Julia,Barnett,,302 S 700 E,Salt Lake City,UT,USA,84102,+1 (801) 531-7272,,jubarnett@gmail.com,5
83,42,2009-12-26 00:00:00,"9, Place Louis Barthou",Bordeaux,,France,33000,0.99,42,Wyatt,Girard,,"9, Place Louis Barthou",Bordeaux,,France,33000,+33 05 56 96 96 96,,wyatt.girard@yahoo.fr,3
84,43,2010-01-08 00:00:00,"68, Rue Jouvence",Dijon,,France,21000,1.98,43,Isabelle,Mercier,,"68, Rue Jouvence",Dijon,,France,21000,+33 03 80 73 66 99,,isabelle_mercier@apple.fr,3
85,45,2010-01-08 00:00:00,Erzsébet krt. 58.,Budapest,,Hungary,H-1073,1.98,45,Ladislav,Kovács,,Erzsébet krt. 58.,Budapest,,Hungary,H-1073,,,ladislav_kovacs@apple.hu,3
86,47,2010-01-09 00:00:00,"Via Degli Scipioni, 43",Rome,RM,Italy,00192,3.96,47,Lucas,Mancini,,"Via Degli Scipioni, 43",Rome,RM,Italy,00192,+39 06 39733434,,lucas.mancini@yahoo.it,5
87,51,2010-01-10 00:00:00,Celsiusg. 9,Stockholm,,Sweden,11230,6.94,51,Joakim,Johansson,,Celsiusg. 9,Stockholm,,Sweden,11230,+46 08-651 52 52,,joakim.johansson@yahoo.se,5
88,57,2010-01-13 00:00:00,"Calle Lira, 198",Santiago,,Chile,,17.91,57,Luis,Rojas,,"Calle Lira, 198",Santiago,,Chile,,+56 (0)2 635 4444,,luisrojas@yahoo.cl,5
89,7,2010-01-18 00:00:00,"Rotenturmstraße 4, 1010 Innere Stadt",Vienne,,Austria,1010,18.86,7,Astrid,Gruber,,"Rotenturmstraße 4, 1010 Innere Stadt",Vienne,,Austria,1010,+43 01 5134505,,astrid.gruber@apple.at,5
90,21,2010-01-26 00:00:00,801 W 4th Street,Reno,NV,USA,89503,0.99,21,Kathy,Chase,,801 W 4th Street,Reno,NV,USA,89503,+1 (775) 223-7665,,kachase@hotmail.com,5
91,22,2010-02-08 00:00:00,120 S Orange Ave,Orlando,FL,USA,32801,1.98,22,Heather,Leacock,,120 S Orange Ave,Orlando,FL,USA,32801,+1 (407) 999-7788,,hleacock@gmail.com,4
92,24,2010-02-08 00:00:00,162 E Superior Street,Chicago,IL,USA,60611,1.98,24,Frank,Ralston,,162 E Superior Street,Chicago,IL,USA,60611,+1 (312) 332-3232,,fralston@gmail.com,3
93,26,2010-02-09 00:00:00,2211 W Berry Street,Fort Worth,TX,USA,76110,3.96,26,Richard,Cunningham,,2211 W Berry Street,Fort Worth,TX,USA,76110,+1 (817) 924-7272,,ricunningham@hotmail.com,4
94,30,2010-02-10 00:00:00,230 Elgin Street,Ottawa,ON,Canada,K2P 1L7,5.94,30,Edward,Francis,,230 Elgin Street,Ottawa,ON,Canada,K2P 1L7,+1 (613) 234-3322,,edfrancis@yachoo.ca,3
95,36,2010-02-13 00:00:00,Tauentzienstraße 8,Berlin,,Germany,10789,8.91,36,Hannah,Schneider,,Tauentzienstraße 8,Berlin,,Germany,10789,+49 030 26550280,,hannah.schneider@yahoo.de,5
96,45,2010-02-18 00:00:00,Erzsébet krt. 58.,Budapest,,Hungary,H-1073,21.86,45,Ladislav,Kovács,,Erzsébet krt. 58.,Budapest,,Hungary,H-1073,,,ladislav_kovacs@apple.hu,3
97,59,2010-02-26 00:00:00,"3,Raj Bhavan Road",Bangalore,,India,560001,1.99,59,Puja,Srivastava,,"3,Raj Bhavan Road",Bangalore,,India,560001,+91 080 22289999,,puja_srivastava@yahoo.in,3
98,1,2010-03-11 00:00:00,"Av. Brigadeiro Faria Lima, 2170",São José dos Campos,SP,Brazil,12227-000,3.98,1,Luís,Gonçalves,Embraer - Empresa Brasileira de Aeronáutica S.A.,"Av. Brigadeiro Faria Lima, 2170",São José dos Campos,SP,Brazil,12227-000,+55 (12) 3923-5555,+55 (12) 3923-5566,luisg@embraer.com.br,3
99,3,2010-03-11 00:00:00,1498 rue Bélanger,Montréal,QC,Canada,H2G 1A7,3.98,3,François,Tremblay,,1498 rue Bélanger,Montréal,QC,Canada,H2G 1A7,+1 (514) 721-4711,,ftremblay@gmail.com,3
100,5,2010-03-12 00:00:00,Klanova 9/506,Prague,,Czech Republic,14700,3.96,5,František,Wichterlová,JetBrains s.r.o.,Klanova 9/506,Prague,,Czech Republic,14700,+420 2 4172 5555,+420 2 4172 5555,frantisekw@jetbrains.com,4
101,9,2010-03-13 00:00:00,Sønder Boulevard 51,Copenhagen,,Denmark,1720,5.94,9,Kara,Nielsen,,Sønder Boulevard 51,Copenhagen,,Denmark,1720,+453 3331 9991,,kara.nielsen@jubii.dk,4
102,15,2010-03-16 00:00:00,700 W Pender Street,Vancouver,BC,Canada,V6C 1G8,9.91,15,Jennifer,Peterson,Rogers Canada,700 W Pender Street,Vancouver,BC,Canada,V6C 1G8,+1 (604) 688-2255,+1 (604) 688-8756,jenniferp@rogers.ca,3
103,24,2010-03-21 00:00:00,162 E Superior Street,Chicago,IL,USA,60611,15.86,24,Frank,Ralston,,162 E Superior Street,Chicago,IL,USA,60611,+1 (312) 332-3232,,fralston@gmail.com,3
104,38,2010-03-29 00:00:00,Barbarossastraße 19,Berlin,,Germany,10779,0.99,38,Niklas,Schröder,,Barbarossastraße 19,Berlin,,Germany,10779,+49 030 2141444,,nschroder@surfeu.de,3
105,39,2010-04-11 00:00:00,"4, Rue Milton",Paris,,France,75009,1.98,39,Camille,Bernard,,"4, Rue Milton",Paris,,France,75009,+33 01 49 70 65 65,,camille.bernard@yahoo.fr,4
106,41,2010-04-11 00:00:00,"11, Place Bellecour",Lyon,,France,69002,1.98,41,Marc,Dubois,,"11, Place Bellecour",Lyon,,France,69002,+33 04 78 30 30 30,,marc.dubois@hotmail.com,5
107,43,2010-04-12 00:00:00,"68, Rue Jouvence",Dijon,,France,21000,3.96,43,Isabelle,Mercier,,"68, Rue Jouvence",Dijon,,France,21000,+33 03 80 73 66 99,,isabelle_mercier@apple.fr,3
108,47,2010-04-13 00:00:00,"Via Degli Scipioni, 43",Rome,RM,Italy,00192,5.94,47,Lucas,Mancini,,"Via Degli Scipioni, 43",Rome,RM,Italy,00192,+39 06 39733434,,lucas.mancini@yahoo.it,5
109,53,2010-04-16 00:00:00,113 Lupus St,London,,United Kingdom,SW1V 3EN,8.91,53,Phil,Hughes,,113 Lupus St,London,,United Kingdom,SW1V 3EN,+44 020 7976 5722,,phil.hughes@gmail.com,3
110,3,2010-04-21 00:00:00,1498 rue Bélanger,Montréal,QC,Canada,H2G 1A7,13.86,3,François,Tremblay,,1498 rue Bélanger,Montréal,QC,Canada,H2G 1A7,+1 (514) 721-4711,,ftremblay@gmail.com,3
111,17,2010-04-29 00:00:00,1 Microsoft Way,Redmond,WA,USA,98052-8300,0.99,17,Jack,Smith,Microsoft Corporation,1 Microsoft Way,Redmond,WA,USA,98052-8300,+1 (425) 882-8080,+1 (425) 882-8081,jacksmith@microsoft.com,5
112,18,2010-05-12 00:00:00,627 Broadway,New York,NY,USA,10012-2612,1.98,18,Michelle,Brooks,,627 Broadway,New York,NY,USA,10012-2612,+1 (212) 221-3546,+1 (212) 221-4679,michelleb@aol.com,3
113,20,2010-05-12 00:00:00,541 Del Medio Avenue,Mountain View,CA,USA,94040-111,1.98,20,Dan,Miller,,541 Del Medio Avenue,Mountain View,CA,USA,94040-111,+1 (650) 644-3358,,dmiller@comcast.com,4
114,22,2010-05-13 00:00:00,120 S Orange Ave,Orlando,FL,USA,32801,3.96,22,Heather,Leacock,,120 S Orange Ave,Orlando,FL,USA,32801,+1 (407) 999-7788,,hleacock@gmail.com,4
115,26,2010-05-14 00:00:00,2211 W Berry Street,Fort Worth,TX,USA,76110,5.94,26,Richard,Cunningham,,2211 W Berry Street,Fort Worth,TX,USA,76110,+1 (817) 924-7272,,ricunningham@hotmail.com,4
116,32,2010-05-17 00:00:00,696 Osborne Street,Winnipeg,MB,Canada,R3L 2B9,8.91,32,Aaron,Mitchell,,696 Osborne Street,Winnipeg,MB,Canada,R3L 2B9,+1 (204) 452-6452,,aaronmitchell@yahoo.ca,4
117,41,2010-05-22 00:00:00,"11, Place Bellecour",Lyon,,France,69002,13.86,41,Marc,Dubois,,"11, Place Bellecour",Lyon,,France,69002,+33 04 78 30 30 30,,marc.dubois@hotmail.com,5
118,55,2010-05-30 00:00:00,421 Bourke Street,Sidney,NSW,Australia,2010,0.99,55,Mark,Taylor,,421 Bourke Street,Sidney,NSW,Australia,2010,+61 (02) 9332 3633,,mark.taylor@yahoo.au,4
119,56,2010-06-12 00:00:00,307 Macacha Güemes,Buenos Aires,,Argentina,1106,1.98,56,Diego,Gutiérrez,,307 Macacha Güemes,Buenos Aires,,Argentina,1106,+54 (0)11 4311 4333,,diego.gutierrez@yahoo.ar,4
120,58,2010-06-12 00:00:00,"12,Community Centre",Delhi,,India,110017,1.98,58,Manoj,Pareek,,"12,Community Centre",Delhi,,India,110017,+91 0124 39883988,,manoj.pareek@rediff.com,3
121,1,2010-06-13 00:00:00,"Av. Brigadeiro Faria Lima, 2170",São José dos Campos,SP,Brazil,12227-000,3.96,1,Luís,Gonçalves,Embraer - Empresa Brasileira de Aeronáutica S.A.,"Av. Brigadeiro Faria Lima, 2170",São José dos Campos,SP,Brazil,12227-000,+55 (12) 3923-5555,+55 (12) 3923-5566,luisg@embraer.com.br,3
122,5,2010-06-14 00:00:00,Klanova 9/506,Prague,,Czech Republic,14700,5.94,5,František,Wichterlová,JetBrains s.r.o.,Klanova 9/506,Prague,,Czech Republic,14700,+420 2 4172 5555,+420 2 4172 5555,frantisekw@jetbrains.com,4
123,11,2010-06-17 00:00:00,"Av. Paulista, 2022",São Paulo,SP,Brazil,01310-200,8.91,11,Alexandre,Rocha,Banco do Brasil S.A.,"Av. Paulista, 2022",São Paulo,SP,Brazil,01310-200,+55 (11) 3055-3278,+55 (11) 3055-8131,alero@uol.com.br,5
124,20,2010-06-22 00:00:00,541 Del Medio Avenue,Mountain View,CA,USA,94040-111,13.86,20,Dan,Miller,,541 Del Medio Avenue,Mountain View,CA,USA,94040-111,+1 (650) 644-3358,,dmiller@comcast.com,4
125,34,2010-06-30 00:00:00,Rua da Assunção 53,Lisbon,,Portugal,,0.99,34,João,Fernandes,,Rua da Assunção 53,Lisbon,,Portugal,,+351 (213) 466-111,,jfernandes@yahoo.pt,4
126,35,2010-07-13 00:00:00,"Rua dos Campeões Europeus de Viena, 4350",Porto,,Portugal,,1.98,35,Madalena,Sampaio,,"Rua dos Campeões Europeus de Viena, 4350",Porto,,Portugal,,+351 (225) 022-448,,masampaio@sapo.pt,4
127,37,2010-07-13 00:00:00,Berger Straße 10,Frankfurt,,Germany,60316,1.98,37,Fynn,Zimmermann,,Berger Straße 10,Frankfurt,,Germany,60316,+49 069 40598889,,fzimmermann@yahoo.de,3
128,39,2010-07-14 00:00:00,"4, Rue Milton",Paris,,France,75009,3.96,39,Camille,Bernard,,"4, Rue Milton",Paris,,France,75009,+33 01 49 70 65 65,,camille.bernard@yahoo.fr,4
129,43,2010-07-15 00:00:00,"68, Rue Jouvence",Dijon,,France,21000,5.94,43,Isabelle,Mercier,,"68, Rue Jouvence",Dijon,,France,21000,+33 03 80 73 66 99,,isabelle_mercier@apple.fr,3
130,49,2010-07-18 00:00:00,Ordynacka 10,Warsaw,,Poland,00-358,8.91,49,Stanisław,Wójcik,,Ordynacka 10,Warsaw,,Poland,00-358,+48 22 828 37 39,,stanisław.wójcik@wp.pl,4
131,58,2010-07-23 00:00:00,"12,Community Centre",Delhi,,India,110017,13.86,58,Manoj,Pareek,,"12,Community Centre",Delhi,,India,110017,+91 0124 39883988,,manoj.pareek@rediff.com,3
132,13,2010-07-31 00:00:00,Qe 7 Bloco G,Brasília,DF,Brazil,71020-677,0.99,13,Fernanda,Ramos,,Qe 7 Bloco G,Brasília,DF,Brazil,71020-677,+55 (61) 3363-5547,+55 (61) 3363-7855,fernadaramos4@uol.com.br,4
133,14,2010-08-13 00:00:00,8210 111 ST NW,Edmonton,AB,Canada,T6G 2C7,1.98,14,Mark,Philips,Telus,8210 111 ST NW,Edmonton,AB,Canada,T6G 2C7,+1 (780) 434-4554,+1 (780) 434-5565,mphilips12@shaw.ca,5
134,16,2010-08-13 00:00:00,1600 Amphitheatre Parkway,Mountain View,CA,USA,94043-1351,1.98,16,Frank,Harris,Google Inc.,1600 Amphitheatre Parkway,Mountain View,CA,USA,94043-1351,+1 (650) 253-0000,+1 (650) 253-0000,fharris@google.com,4
135,18,2010-08-14 00:00:00,627 Broadway,New York,NY,USA,10012-2612,3.96,18,Michelle,Brooks,,627 Broadway,New York,NY,USA,10012-2612,+1 (212) 221-3546,+1 (212) 221-4679,michelleb@aol.com,3
136,22,2010-08-15 00:00:00,120 S Orange Ave,Orlando,FL,USA,32801,5.94,22,Heather,Leacock,,120 S Orange Ave,Orlando,FL,USA,32801,+1 (407) 999-7788,,hleacock@gmail.com,4
137,28,2010-08-18 00:00:00,302 S 700 E,Salt Lake City,UT,USA,84102,8.91,28,Julia,Barnett,,302 S 700 E,Salt Lake City,UT,USA,84102,+1 (801) 531-7272,,jubarnett@gmail.com,5
138,37,2010-08-23 00:00:00,Berger Straße 10,Frankfurt,,Germany,60316,13.86,37,Fynn,Zimmermann,,Berger Straße 10,Frankfurt,,Germany,60316,+49 069 40598889,,fzimmermann@yahoo.de,3
139,51,2010-08-31 00:00:00,Celsiusg. 9,Stockholm,,Sweden,11230,0.99,51,Joakim,Johansson,,Celsiusg. 9,Stockholm,,Sweden,11230,+46 08-651 52 52,,joakim.johansson@yahoo.se,5
140,52,2010-09-13 00:00:00,202 Hoxton Street,London,,United Kingdom,N1 5LH,1.98,52,Emma,Jones,,202 Hoxton Street,London,,United Kingdom,N1 5LH,+44 020 7707 0707,,emma_jones@hotmail.com,3
141,54,2010-09-13 00:00:00,110 Raeburn Pl,Edinburgh ,,United Kingdom,EH4 1HH,1.98,54,Steve,Murray,,110 Raeburn Pl,Edinburgh ,,United Kingdom,EH4 1HH,+44 0131 315 3300,,steve.murray@yahoo.uk,5
142,56,2010-09-14 00:00:00,307 Macacha Güemes,Buenos Aires,,Argentina,1106,3.96,56,Diego,Gutiérrez,,307 Macacha Güemes,Buenos Aires,,Argentina,1106,+54 (0)11 4311 4333,,diego.gutierrez@yahoo.ar,4
143,1,2010-09-15 00:00:00,"Av. Brigadeiro Faria Lima, 2170",São José dos Campos,SP,Brazil,12227-000,5.94,1,Luís,Gonçalves,Embraer - Empresa Brasileira de Aeronáutica S.A.,"Av. Brigadeiro Faria Lima, 2170",São José dos Campos,SP,Brazil,12227-000,+55 (12) 3923-5555,+55 (12) 3923-5566,luisg@embraer.com.br,3
144,7,2010-09-18 00:00:00,"Rotenturmstraße 4, 1010 Innere Stadt",Vienne,,Austria,1010,8.91,7,Astrid,Gruber,,"Rotenturmstraße 4, 1010 Innere Stadt",Vienne,,Austria,1010,+43 01 5134505,,astrid.gruber@apple.at,5
145,16,2010-09-23 00:00:00,1600 Amphitheatre Parkway,Mountain View,CA,USA,94043-1351,13.86,16,Frank,Harris,Google Inc.,1600 Amphitheatre Parkway,Mountain View,CA,USA,94043-1351,+1 (650) 253-0000,+1 (650) 253-0000,fharris@google.com,4
146,30,2010-10-01 00:00:00,230 Elgin Street,Ottawa,ON,Canada,K2P 1L7,0.99,30,Edward,Francis,,230 Elgin Street,Ottawa,ON,Canada,K2P 1L7,+1 (613) 234-3322,,edfrancis@yachoo.ca,3
147,31,2010-10-14 00:00:00,194A Chain Lake Drive,Halifax,NS,Canada,B3S 1C5,1.98,31,Martha,Silk,,194A Chain Lake Drive,Halifax,NS,Canada,B3S 1C5,+1 (902) 450-0450,,marthasilk@gmail.com,5
148,33,2010-10-14 00:00:00,5112 48 Street,Yellowknife,NT,Canada,X1A 1N6,1.98,33,Ellie,Sullivan,,5112 48 Street,Yellowknife,NT,Canada,X1A 1N6,+1 (867) 920-2233,,ellie.sullivan@shaw.ca,3
149,35,2010-10-15 00:00:00,"Rua dos Campeões Europeus de Viena, 4350",Porto,,Portugal,,3.96,35,Madalena,Sampaio,,"Rua dos Campeões Europeus de Viena, 4350",Porto,,Portugal,,+351 (225) 022-448,,masampaio@sapo.pt,4
150,39,2010-10-16 00:00:00,"4, Rue Milton",Paris,,France,75009,5.94,39,Camille,Bernard,,"4, Rue Milton",Paris,,France,75009,+33 01 49 70 65 65,,camille.bernard@yahoo.fr,4
151,45,2010-10-19 00:00:00,Erzsébet krt. 58.,Budapest,,Hungary,H-1073,8.91,45,Ladislav,Kovács,,Erzsébet krt. 58.,Budapest,,Hungary,H-1073,,,ladislav_kovacs@apple.hu,3
152,54,2010-10-24 00:00:00,110 Raeburn Pl,Edinburgh ,,United Kingdom,EH4 1HH,13.86,54,Steve,Murray,,110 Raeburn Pl,Edinburgh ,,United Kingdom,EH4 1HH,+44 0131 315 3300,,steve.murray@yahoo.uk,5
153,9,2010-11-01 00:00:00,Sønder Boulevard 51,Copenhagen,,Denmark,1720,0.99,9,Kara,Nielsen,,Sønder Boulevard 51,Copenhagen,,Denmark,1720,+453 3331 9991,,kara.nielsen@jubii.dk,4
154,10,2010-11-14 00:00:00,"Rua Dr. Falcão Filho, 155",São Paulo,SP,Brazil,01007-010,1.98,10,Eduardo,Martins,Woodstock Discos,"Rua Dr. Falcão Filho, 155",São Paulo,SP,Brazil,01007-010,+55 (11) 3033-5446,+55 (11) 3033-4564,eduardo@woodstock.com.br,4
155,12,2010-11-14 00:00:00,"Praça Pio X, 119",Rio de Janeiro,RJ,Brazil,20040-020,1.98,12,Roberto,Almeida,Riotur,"Praça Pio X, 119",Rio de Janeiro,RJ,Brazil,20040-020,+55 (21) 2271-7000,+55 (21) 2271-7070,roberto.almeida@riotur.gov.br,3
156,14,2010-11-15 00:00:00,8210 111 ST NW,Edmonton,AB,Canada,T6G 2C7,3.96,14,Mark,Philips,Telus,8210 111 ST NW,Edmonton,AB,Canada,T6G 2C7,+1 (780) 434-4554,+1 (780) 434-5565,mphilips12@shaw.ca,5
157,18,2010-11-16 00:00:00,627 Broadway,New York,NY,USA,10012-2612,5.94,18,Michelle,Brooks,,627 Broadway,New York,NY,USA,10012-2612,+1 (212) 221-3546,+1 (212) 221-4679,michelleb@aol.com,3
158,24,2010-11-19 00:00:00,162 E Superior Street,Chicago,IL,USA,60611,8.91,24,Frank,Ralston,,162 E Superior Street,Chicago,IL,USA,60611,+1 (312) 332-3232,,fralston@gmail.com,3
159,33,2010-11-24 00:00:00,5112 48 Street,Yellowknife,NT,Canada,X1A 1N6,13.86,33,Ellie,Sullivan,,5112 48 Street,Yellowknife,NT,Canada,X1A 1N6,+1 (867) 920-2233,,ellie.sullivan@shaw.ca,3
160,47,2010-12-02 00:00:00,"Via Degli Scipioni, 43",Rome,RM,Italy,00192,0.99,47,Lucas,Mancini,,"Via Degli Scipioni, 43",Rome,RM,Italy,00192,+39 06 39733434,,lucas.mancini@yahoo.it,5
161,48,2010-12-15 00:00:00,Lijnbaansgracht 120bg,Amsterdam,VV,Netherlands,1016,1.98,48,Johannes,Van der Berg,,Lijnbaansgracht 120bg,Amsterdam,VV,Netherlands,1016,+31 020 6223130,,johavanderberg@yahoo.nl,5
162,50,2010-12-15 00:00:00,C/ San Bernardo 85,Madrid,,Spain,28015,1.98,50,Enrique,Muñoz,,C/ San Bernardo 85,Madrid,,Spain,28015,+34 914 454 454,,enrique_munoz@yahoo.es,5
163,52,2010-12-16 00:00:00,202 Hoxton Street,London,,United Kingdom,N1 5LH,3.96,52,Emma,Jones,,202 Hoxton Street,London,,United Kingdom,N1 5LH,+44 020 7707 0707,,emma_jones@hotmail.com,3
164,56,2010-12-17 00:00:00,307 Macacha Güemes,Buenos Aires,,Argentina,1106,5.94,56,Diego,Gutiérrez,,307 Macacha Güemes,Buenos Aires,,Argentina,1106,+54 (0)11 4311 4333,,diego.gutierrez@yahoo.ar,4
165,3,2010-12-20 00:00:00,1498 rue Bélanger,Montréal,QC,Canada,H2G 1A7,8.91,3,François,Tremblay,,1498 rue Bélanger,Montréal,QC,Canada,H2G 1A7,+1 (514) 721-4711,,ftremblay@gmail.com,3
166,12,2010-12-25 00:00:00,"Praça Pio X, 119",Rio de Janeiro,RJ,Brazil,20040-020,13.86,12,Roberto,Almeida,Riotur,"Praça Pio X, 119",Rio de Janeiro,RJ,Brazil,20040-020,+55 (21) 2271-7000,+55 (21) 2271-7070,roberto.almeida@riotur.gov.br,3
167,26,2011-01-02 00:00:00,2211 W Berry Street,Fort Worth,TX,USA,76110,0.99,26,Richard,Cunningham,,2211 W Berry Street,Fort Worth,TX,USA,76110,+1 (817) 924-7272,,ricunningham@hotmail.com,4
168,27,2011-01-15 00:00:00,1033 N Park Ave,Tucson,AZ,USA,85719,1.98,27,Patrick,Gray,,1033 N Park Ave,Tucson,AZ,USA,85719,+1 (520) 622-4200,,patrick.gray@aol.com,4
169,29,2011-01-15 00:00:00,796 Dundas Street West,Toronto,ON,Canada,M6J 1V1,1.98,29,Robert,Brown,,796 Dundas Street West,Toronto,ON,Canada,M6J 1V1,+1 (416) 363-8888,,robbrown@shaw.ca,3
170,31,2011-01-16 00:00:00,194A Chain Lake Drive,Halifax,NS,Canada,B3S 1C5,3.96,31,Martha,Silk,,194A Chain Lake Drive,Halifax,NS,Canada,B3S 1C5,+1 (902) 450-0450,,marthasilk@gmail.com,5
171,35,2011-01-17 00:00:00,"Rua dos Campeões Europeus de Viena, 4350",Porto,,Portugal,,5.94,35,Madalena,Sampaio,,"Rua dos Campeões Europeus de Viena, 4350",Porto,,Portugal,,+351 (225) 022-448,,masampaio@sapo.pt,4
172,41,2011-01-20 00:00:00,"11, Place Bellecour",Lyon,,France,69002,8.91,41,Marc,Dubois,,"11, Place Bellecour",Lyon,,France,69002,+33 04 78 30 30 30,,marc.dubois@hotmail.com,5
173,50,2011-01-25 00:00:00,C/ San Bernardo 85,Madrid,,Spain,28015,13.86,50,Enrique,Muñoz,,C/ San Bernardo 85,Madrid,,Spain,28015,+34 914 454 454,,enrique_munoz@yahoo.es,5
174,5,2011-02-02 00:00:00,Klanova 9/506,Prague,,Czech Republic,14700,0.99,5,František,Wichterlová,JetBrains s.r.o.,Klanova 9/506,Prague,,Czech Republic,14700,+420 2 4172 5555,+420 2 4172 5555,frantisekw@jetbrains.com,4
175,6,2011-02-15 00:00:00,Rilská 3174/6,Prague,,Czech Republic,14300,1.98,6,Helena,Holý,,Rilská 3174/6,Prague,,Czech Republic,14300,+420 2 4177 0449,,hholy@gmail.com,5
176,8,2011-02-15 00:00:00,Grétrystraat 63,Brussels,,Belgium,1000,1.98,8,Daan,Peeters,,Grétrystraat 63,Brussels,,Belgium,1000,+32 02 219 03 03,,daan_peeters@apple.be,4
177,10,2011-02-16 00:00:00,"Rua Dr. Falcão Filho, 155",São Paulo,SP,Brazil,01007-010,3.96,10,Eduardo,Martins,Woodstock Discos,"Rua Dr. Falcão Filho, 155",São Paulo,SP,Brazil,01007-010,+55 (11) 3033-5446,+55 (11) 3033-4564,eduardo@woodstock.com.br,4
178,14,2011-02-17 00:00:00,8210 111 ST NW,Edmonton,AB,Canada,T6G 2C7,5.94,14,Mark,Philips,Telus,8210 111 ST NW,Edmonton,AB,Canada,T6G 2C7,+1 (780) 434-4554,+1 (780) 434-5565,mphilips12@shaw.ca,5
179,20,2011-02-20 00:00:00,541 Del Medio Avenue,Mountain View,CA,USA,94040-111,8.91,20,Dan,Miller,,541 Del Medio Avenue,Mountain View,CA,USA,94040-111,+1 (650) 644-3358,,dmiller@comcast.com,4
180,29,2011-02-25 00:00:00,796 Dundas Street West,Toronto,ON,Canada,M6J 1V1,13.86,29,Robert,Brown,,796 Dundas Street West,Toronto,ON,Canada,M6J 1V1,+1 (416) 363-8888,,robbrown@shaw.ca,3
181,43,2011-03-05 00:00:00,"68, Rue Jouvence",Dijon,,France,21000,0.99,43,Isabelle,Mercier,,"68, Rue Jouvence",Dijon,,France,21000,+33 03 80 73 66 99,,isabelle_mercier@apple.fr,3
182,44,2011-03-18 00:00:00,Porthaninkatu 9,Helsinki,,Finland,00530,1.98,44,Terhi,Hämäläinen,,Porthaninkatu 9,Helsinki,,Finland,00530,+358 09 870 2000,,terhi.hamalainen@apple.fi,3
183,46,2011-03-18 00:00:00,3 Chatham Street,Dublin,Dublin,Ireland,,1.98,46,Hugh,O'Reilly,,3 Chatham Street,Dublin,Dublin,Ireland,,+353 01 6792424,,hughoreilly@apple.ie,3
184,48,2011-03-19 00:00:00,Lijnbaansgracht 120bg,Amsterdam,VV,Netherlands,1016,3.96,48,Johannes,Van der Berg,,Lijnbaansgracht 120bg,Amsterdam,VV,Netherlands,1016,+31 020 6223130,,johavanderberg@yahoo.nl,5
185,52,2011-03-20 00:00:00,202 Hoxton Street,London,,United Kingdom,N1 5LH,5.94,52,Emma,Jones,,202 Hoxton Street,London,,United Kingdom,N1 5LH,+44 020 7707 0707,,emma_jones@hotmail.com,3
186,58,2011-03-23 00:00:00,"12,Community Centre",Delhi,,India,110017,8.91,58,Manoj,Pareek,,"12,Community Centre",Delhi,,India,110017,+91 0124 39883988,,manoj.pareek@rediff.com,3
187,8,2011-03-28 00:00:00,Grétrystraat 63,Brussels,,Belgium,1000,13.86,8,Daan,Peeters,,Grétrystraat 63,Brussels,,Belgium,1000,+32 02 219 03 03,,daan_peeters@apple.be,4
188,22,2011-04-05 00:00:00,120 S Orange Ave,Orlando,FL,USA,32801,0.99,22,Heather,Leacock,,120 S Orange Ave,Orlando,FL,USA,32801,+1 (407) 999-7788,,hleacock@gmail.com,4
189,23,2011-04-18 00:00:00,69 Salem Street,Boston,MA,USA,2113,1.98,23,John,Gordon,,69 Salem Street,Boston,MA,USA,2113,+1 (617) 522-1333,,johngordon22@yahoo.com,4
190,25,2011-04-18 00:00:00,319 N. Frances Street,Madison,WI,USA,53703,1.98,25,Victor,Stevens,,319 N. Frances Street,Madison,WI,USA,53703,+1 (608) 257-0597,,vstevens@yahoo.com,5
191,27,2011-04-19 00:00:00,1033 N Park Ave,Tucson,AZ,USA,85719,3.96,27,Patrick,Gray,,1033 N Park Ave,Tucson,AZ,USA,85719,+1 (520) 622-4200,,patrick.gray@aol.com,4
192,31,2011-04-20 00:00:00,194A Chain Lake Drive,Halifax,NS,Canada,B3S 1C5,5.94,31,Martha,Silk,,194A Chain Lake Drive,Halifax,NS,Canada,B3S 1C5,+1 (902) 450-0450,,marthasilk@gmail.com,5
193,37,2011-04-23 00:00:00,Berger Straße 10,Frankfurt,,Germany,60316,14.91,37,Fynn,Zimmermann,,Berger Straße 10,Frankfurt,,Germany,60316,+49 069 40598889,,fzimmermann@yahoo.de,3
194,46,2011-04-28 00:00:00,3 Chatham Street,Dublin,Dublin,Ireland,,21.86,46,Hugh,O'Reilly,,3 Chatham Street,Dublin,Dublin,Ireland,,+353 01 6792424,,hughoreilly@apple.ie,3
195,1,2011-05-06 00:00:00,"Av. Brigadeiro Faria Lima, 2170",São José dos Campos,SP,Brazil,12227-000,0.99,1,Luís,Gonçalves,Embraer - Empresa Brasileira de Aeronáutica S.A.,"Av. Brigadeiro Faria Lima, 2170",São José dos Campos,SP,Brazil,12227-000,+55 (12) 3923-5555,+55 (12) 3923-5566,luisg@embraer.com.br,3
196,2,2011-05-19 00:00:00,Theodor-Heuss-Straße 34,Stuttgart,,Germany,70174,1.98,2,Leonie,Köhler,,Theodor-Heuss-Straße 34,Stuttgart,,Germany,70174,+49 0711 2842222,,leonekohler@surfeu.de,5
197,4,2011-05-19 00:00:00,Ullevålsveien 14,Oslo,,Norway,0171,1.98,4,Bjørn,Hansen,,Ullevålsveien 14,Oslo,,Norway,0171,+47 22 44 22 22,,bjorn.hansen@yahoo.no,4
198,6,2011-05-20 00:00:00,Rilská 3174/6,Prague,,Czech Republic,14300,3.96,6,Helena,Holý,,Rilská 3174/6,Prague,,Czech Republic,14300,+420 2 4177 0449,,hholy@gmail.com,5
199,10,2011-05-21 00:00:00,"Rua Dr. Falcão Filho, 155",São Paulo,SP,Brazil,01007-010,5.94,10,Eduardo,Martins,Woodstock Discos,"Rua Dr. Falcão Filho, 155",São Paulo,SP,Brazil,01007-010,+55 (11) 3033-5446,+55 (11) 3033-4564,eduardo@woodstock.com.br,4
200,16,2011-05-24 00:00:00,1600 Amphitheatre Parkway,Mountain View,CA,USA,94043-1351,8.91,16,Frank,Harris,Google Inc.,1600 Amphitheatre Parkway,Mountain View,CA,USA,94043-1351,+1 (650) 253-0000,+1 (650) 253-0000,fharris@google.com,4
201,25,2011-05-29 00:00:00,319 N. Frances Street,Madison,WI,USA,53703,18.86,25,Victor,Stevens,,319 N. Frances Street,Madison,WI,USA,53703,+1 (608) 257-0597,,vstevens@yahoo.com,5
202,39,2011-06-06 00:00:00,"4, Rue Milton",Paris,,France,75009,1.99,39,Camille,Bernard,,"4, Rue Milton",Paris,,France,75009,+33 01 49 70 65 65,,camille.bernard@yahoo.fr,4
203,40,2011-06-19 00:00:00,"8, Rue Hanovre",Paris,,France,75002,2.98,40,Dominique,Lefebvre,,"8, Rue Hanovre",Paris,,France,75002,+33 01 47 42 71 71,,dominiquelefebvre@gmail.com,4
204,42,2011-06-19 00:00:00,"9, Place Louis Barthou",Bordeaux,,France,33000,3.98,42,Wyatt,Girard,,"9, Place Louis Barthou",Bordeaux,,France,33000,+33 05 56 96 96 96,,wyatt.girard@yahoo.fr,3
205,44,2011-06-20 00:00:00,Porthaninkatu 9,Helsinki,,Finland,00530,7.96,44,Terhi,Hämäläinen,,Porthaninkatu 9,Helsinki,,Finland,00530,+358 09 870 2000,,terhi.hamalainen@apple.fi,3
206,48,2011-06-21 00:00:00,Lijnbaansgracht 120bg,Amsterdam,VV,Netherlands,1016,8.94,48,Johannes,Van der Berg,,Lijnbaansgracht 120bg,Amsterdam,VV,Netherlands,1016,+31 020 6223130,,johavanderberg@yahoo.nl,5
207,54,2011-06-24 00:00:00,110 Raeburn Pl,Edinburgh ,,United Kingdom,EH4 1HH,8.91,54,Steve,Murray,,110 Raeburn Pl,Edinburgh ,,United Kingdom,EH4 1HH,+44 0131 315 3300,,steve.murray@yahoo.uk,5
208,4,2011-06-29 00:00:00,Ullevålsveien 14,Oslo,,Norway,0171,15.86,4,Bjørn,Hansen,,Ullevålsveien 14,Oslo,,Norway,0171,+47 22 44 22 22,,bjorn.hansen@yahoo.no,4
209,18,2011-07-07 00:00:00,627 Broadway,New York,NY,USA,10012-2612,0.99,18,Michelle,Brooks,,627 Broadway,New York,NY,USA,10012-2612,+1 (212) 221-3546,+1 (212) 221-4679,michelleb@aol.com,3
210,19,2011-07-20 00:00:00,1 Infinite Loop,Cupertino,CA,USA,95014,1.98,19,Tim,Goyer,Apple Inc.,1 Infinite Loop,Cupertino,CA,USA,95014,+1 (408) 996-1010,+1 (408) 996-1011,tgoyer@apple.com,3
211,21,2011-07-20 00:00:00,801 W 4th Street,Reno,NV,USA,89503,1.98,21,Kathy,Chase,,801 W 4th Street,Reno,NV,USA,89503,+1 (775) 223-7665,,kachase@hotmail.com,5
212,23,2011-07-21 00:00:00,69 Salem Street,Boston,MA,USA,2113,3.96,23,John,Gordon,,69 Salem Street,Boston,MA,USA,2113,+1 (617) 522-1333,,johngordon22@yahoo.com,4
213,27,2011-07-22 00:00:00,1033 N Park Ave,Tucson,AZ,USA,85719,5.94,27,Patrick,Gray,,1033 N Park Ave,Tucson,AZ,USA,85719,+1 (520) 622-4200,,patrick.gray@aol.com,4
214,33,2011-07-25 00:00:00,5112 48 Street,Yellowknife,NT,Canada,X1A 1N6,8.91,33,Ellie,Sullivan,,5112 48 Street,Yellowknife,NT,Canada,X1A 1N6,+1 (867) 920-2233,,ellie.sullivan@shaw.ca,3
215,42,2011-07-30 00:00:00,"9, Place Louis Barthou",Bordeaux,,France,33000,13.86,42,Wyatt,Girard,,"9, Place Louis Barthou",Bordeaux,,France,33000,+33 05 56 96 96 96,,wyatt.girard@yahoo.fr,3
216,56,2011-08-07 00:00:00,307 Macacha Güemes,Buenos Aires,,Argentina,1106,0.99,56,Diego,Gutiérrez,,307 Macacha Güemes,Buenos Aires,,Argentina,1106,+54 (0)11 4311 4333,,diego.gutierrez@yahoo.ar,4
217,57,2011-08-20 00:00:00,"Calle Lira, 198",Santiago,,Chile,,1.98,57,Luis,Rojas,,"Calle Lira, 198",Santiago,,Chile,,+56 (0)2 635 4444,,luisrojas@yahoo.cl,5
218,59,2011-08-20 00:00:00,"3,Raj Bhavan Road",Bangalore,,India,560001,1.98,59,Puja,Srivastava,,"3,Raj Bhavan Road",Bangalore,,India,560001,+91 080 22289999,,puja_srivastava@yahoo.in,3
219,2,2011-08-21 00:00:00,Theodor-Heuss-Straße 34,Stuttgart,,Germany,70174,3.96,2,Leonie,Köhler,,Theodor-Heuss-Straße 34,Stuttgart,,Germany,70174,+49 0711 2842222,,leonekohler@surfeu.de,5
220,6,2011-08-22 00:00:00,Rilská 3174/6,Prague,,Czech Republic,14300,5.94,6,Helena,Holý,,Rilská 3174/6,Prague,,Czech Republic,14300,+420 2 4177 0449,,hholy@gmail.com,5
221,12,2011-08-25 00:00:00,"Praça Pio X, 119",Rio de Janeiro,RJ,Brazil,20040-020,8.91,12,Roberto,Almeida,Riotur,"Praça Pio X, 119",Rio de Janeiro,RJ,Brazil,20040-020,+55 (21) 2271-7000,+55 (21) 2271-7070,roberto.almeida@riotur.gov.br,3
222,21,2011-08-30 00:00:00,801 W 4th Street,Reno,NV,USA,89503,13.86,21,Kathy,Chase,,801 W 4th Street,Reno,NV,USA,89503,+1 (775) 223-7665,,kachase@hotmail.com,5
223,35,2011-09-07 00:00:00,"Rua dos Campeões Europeus de Viena, 4350",Porto,,Portugal,,0.99,35,Madalena,Sampaio,,"Rua dos Campeões Europeus de Viena, 4350",Porto,,Portugal,,+351 (225) 022-448,,masampaio@sapo.pt,4
224,36,2011-09-20 00:00:00,Tauentzienstraße 8,Berlin,,Germany,10789,1.98,36,Hannah,Schneider,,Tauentzienstraße 8,Berlin,,Germany,10789,+49 030 26550280,,hannah.schneider@yahoo.de,5
225,38,2011-09-20 00:00:00,Barbarossastraße 19,Berlin,,Germany,10779,1.98,38,Niklas,Schröder,,Barbarossastraße 19,Berlin,,Germany,10779,+49 030 2141444,,nschroder@surfeu.de,3
226,40,2011-09-21 00:00:00,"8, Rue Hanovre",Paris,,France,75002,3.96,40,Dominique,Lefebvre,,"8, Rue Hanovre",Paris,,France,75002,+33 01 47 42 71 71,,dominiquelefebvre@gmail.com,4
227,44,2011-09-22 00:00:00,Porthaninkatu 9,Helsinki,,Finland,00530,5.94,44,Terhi,Hämäläinen,,Porthaninkatu 9,Helsinki,,Finland,00530,+358 09 870 2000,,terhi.hamalainen@apple.fi,3
228,50,2011-09-25 00:00:00,C/ San Bernardo 85,Madrid,,Spain,28015,8.91,50,Enrique,Muñoz,,C/ San Bernardo 85,Madrid,,Spain,28015,+34 914 454 454,,enrique_munoz@yahoo.es,5
229,59,2011-09-30 00:00:00,"3,Raj Bhavan Road",Bangalore,,India,560001,13.86,59,Puja,Srivastava,,"3,Raj Bhavan Road",Bangalore,,India,560001,+91 080 22289999,,puja_srivastava@yahoo.in,3
230,14,2011-10-08 00:00:00,8210 111 ST NW,Edmonton,AB,Canada,T6G 2C7,0.99,14,Mark,Philips,Telus,8210 111 ST NW,Edmonton,AB,Canada,T6G 2C7,+1 (780) 434-4554,+1 (780) 434-5565,mphilips12@shaw.ca,5
231,15,2011-10-21 00:00:00,700 W Pender Street,Vancouver,BC,Canada,V6C 1G8,1.98,15,Jennifer,Peterson,Rogers Canada,700 W Pender Street,Vancouver,BC,Canada,V6C 1G8,+1 (604) 688-2255,+1 (604) 688-8756,jenniferp@rogers.ca,3
232,17,2011-10-21 00:00:00,1 Microsoft Way,Redmond,WA,USA,98052-8300,1.98,17,Jack,Smith,Microsoft Corporation,1 Microsoft Way,Redmond,WA,USA,98052-8300,+1 (425) 882-8080,+1 (425) 882-8081,jacksmith@microsoft.com,5
233,19,2011-10-22 00:00:00,1 Infinite Loop,Cupertino,CA,USA,95014,3.96,19,Tim,Goyer,Apple Inc.,1 Infinite Loop,Cupertino,CA,USA,95014,+1 (408) 996-1010,+1 (408) 996-1011,tgoyer@apple.com,3
234,23,2011-10-23 00:00:00,69 Salem Street,Boston,MA,USA,2113,5.94,23,John,Gordon,,69 Salem Street,Boston,MA,USA,2113,+1 (617) 522-1333,,johngordon22@yahoo.com,4
235,29,2011-10-26 00:00:00,796 Dundas Street West,Toronto,ON,Canada,M6J 1V1,8.91,29,Robert,Brown,,796 Dundas Street West,Toronto,ON,Canada,M6J 1V1,+1 (416) 363-8888,,robbrown@shaw.ca,3
236,38,2011-10-31 00:00:00,Barbarossastraße 19,Berlin,,Germany,10779,13.86,38,Niklas,Schröder,,Barbarossastraße 19,Berlin,,Germany,10779,+49 030 2141444,,nschroder@surfeu.de,3
237,52,2011-11-08 00:00:00,202 Hoxton Street,London,,United Kingdom,N1 5LH,0.99,52,Emma,Jones,,202 Hoxton Street,London,,United Kingdom,N1 5LH,+44 020 7707 0707,,emma_jones@hotmail.com,3
238,53,2011-11-21 00:00:00,113 Lupus St,London,,United Kingdom,SW1V 3EN,1.98,53,Phil,Hughes,,113 Lupus St,London,,United Kingdom,SW1V 3EN,+44 020 7976 5722,,phil.hughes@gmail.com,3
239,55,2011-11-21 00:00:00,421 Bourke Street,Sidney,NSW,Australia,2010,1.98,55,Mark,Taylor,,421 Bourke Street,Sidney,NSW,Australia,2010,+61 (02) 9332 3633,,mark.taylor@yahoo.au,4
240,57,2011-11-22 00:00:00,"Calle Lira, 198",Santiago,,Chile,,3.96,57,Luis,Rojas,,"Calle Lira, 198",Santiago,,Chile,,+56 (0)2 635 4444,,luisrojas@yahoo.cl,5
241,2,2011-11-23 00:00:00,Theodor-Heuss-Straße 34,Stuttgart,,Germany,70174,5.94,2,Leonie,Köhler,,Theodor-Heuss-Straße 34,Stuttgart,,Germany,70174,+49 0711 2842222,,leonekohler@surfeu.de,5
242,8,2011-11-26 00:00:00,Grétrystraat 63,Brussels,,Belgium,1000,8.91,8,Daan,Peeters,,Grétrystraat 63,Brussels,,Belgium,1000,+32 02 219 03 03,,daan_peeters@apple.be,4
243,17,2011-12-01 00:00:00,1 Microsoft Way,Redmond,WA,USA,98052-8300,13.86,17,Jack,Smith,Microsoft Corporation,1 Microsoft Way,Redmond,WA,USA,98052-8300,+1 (425) 882-8080,+1 (425) 882-8081,jacksmith@microsoft.com,5
244,31,2011-12-09 00:00:00,194A Chain Lake Drive,Halifax,NS,Canada,B3S 1C5,0.99,31,Martha,Silk,,194A Chain Lake Drive,Halifax,NS,Canada,B3S 1C5,+1 (902) 450-0450,,marthasilk@gmail.com,5
245,32,2011-12-22 00:00:00,696 Osborne Street,Winnipeg,MB,Canada,R3L 2B9,1.98,32,Aaron,Mitchell,,696 Osborne Street,Winnipeg,MB,Canada,R3L 2B9,+1 (204) 452-6452,,aaronmitchell@yahoo.ca,4
246,34,2011-12-22 00:00:00,Rua da Assunção 53,Lisbon,,Portugal,,1.98,34,João,Fernandes,,Rua da Assunção 53,Lisbon,,Portugal,,+351 (213) 466-111,,jfernandes@yahoo.pt,4
247,36,2011-12-23 00:00:00,Tauentzienstraße 8,Berlin,,Germany,10789,3.96,36,Hannah,Schneider,,Tauentzienstraße 8,Berlin,,Germany,10789,+49 030 26550280,,hannah.schneider@yahoo.de,5
248,40,2011-12-24 00:00:00,"8, Rue Hanovre",Paris,,France,75002,5.94,40,Dominique,Lefebvre,,"8, Rue Hanovre",Paris,,France,75002,+33 01 47 42 71 71,,dominiquelefebvre@gmail.com,4
249,46,2011-12-27 00:00:00,3 Chatham Street,Dublin,Dublin,Ireland,,8.91,46,Hugh,O'Reilly,,3 Chatham Street,Dublin,Dublin,Ireland,,+353 01 6792424,,hughoreilly@apple.ie,3
250,55,2012-01-01 00:00:00,421 Bourke Street,Sidney,NSW,Australia,2010,13.86,55,Mark,Taylor,,421 Bourke Street,Sidney,NSW,Australia,2010,+61 (02) 9332 3633,,mark.taylor@yahoo.au,4
251,10,2012-01-09 00:00:00,"Rua Dr. Falcão Filho, 155",São Paulo,SP,Brazil,01007-010,0.99,10,Eduardo,Martins,Woodstock Discos,"Rua Dr. Falcão Filho, 155",São Paulo,SP,Brazil,01007-010,+55 (11) 3033-5446,+55 (11) 3033-4564,eduardo@woodstock.com.br,4
252,11,2012-01-22 00:00:00,"Av. Paulista, 2022",São Paulo,SP,Brazil,01310-200,1.98,11,Alexandre,Rocha,Banco do Brasil S.A.,"Av. Paulista, 2022",São Paulo,SP,Brazil,01310-200,+55 (11) 3055-3278,+55 (11) 3055-8131,alero@uol.com.br,5
253,13,2012-01-22 00:00:00,Qe 7 Bloco G,Brasília,DF,Brazil,71020-677,1.98,13,Fernanda,Ramos,,Qe 7 Bloco G,Brasília,DF,Brazil,71020-677,+55 (61) 3363-5547,+55 (61) 3363-7855,fernadaramos4@uol.com.br,4
254,15,2012-01-23 00:00:00,700 W Pender Street,Vancouver,BC,Canada,V6C 1G8,3.96,15,Jennifer,Peterson,Rogers Canada,700 W Pender Street,Vancouver,BC,Canada,V6C 1G8,+1 (604) 688-2255,+1 (604) 688-8756,jenniferp@rogers.ca,3
255,19,2012-01-24 00:00:00,1 Infinite Loop,Cupertino,CA,USA,95014,5.94,19,Tim,Goyer,Apple Inc.,1 Infinite Loop,Cupertino,CA,USA,95014,+1 (408) 996-1010,+1 (408) 996-1011,tgoyer@apple.com,3
256,25,2012-01-27 00:00:00,319 N. Frances Street,Madison,WI,USA,53703,8.91,25,Victor,Stevens,,319 N. Frances Street,Madison,WI,USA,53703,+1 (608) 257-0597,,vstevens@yahoo.com,5
257,34,2012-02-01 00:00:00,Rua da Assunção 53,Lisbon,,Portugal,,13.86,34,João,Fernandes,,Rua da Assunção 53,Lisbon,,Portugal,,+351 (213) 466-111,,jfernandes@yahoo.pt,4
258,48,2012-02-09 00:00:00,Lijnbaansgracht 120bg,Amsterdam,VV,Netherlands,1016,0.99,48,Johannes,Van der Berg,,Lijnbaansgracht 120bg,Amsterdam,VV,Netherlands,1016,+31 020 6223130,,johavanderberg@yahoo.nl,5
259,49,2012-02-22 00:00:00,Ordynacka 10,Warsaw,,Poland,00-358,1.98,49,Stanisław,Wójcik,,Ordynacka 10,Warsaw,,Poland,00-358,+48 22 828 37 39,,stanisław.wójcik@wp.pl,4
260,51,2012-02-22 00:00:00,Celsiusg. 9,Stockholm,,Sweden,11230,1.98,51,Joakim,Johansson,,Celsiusg. 9,Stockholm,,Sweden,11230,+46 08-651 52 52,,joakim.johansson@yahoo.se,5
261,53,2012-02-23 00:00:00,113 Lupus St,London,,United Kingdom,SW1V 3EN,3.96,53,Phil,Hughes,,113 Lupus St,London,,United Kingdom,SW1V 3EN,+44 020 7976 5722,,phil.hughes@gmail.com,3
262,57,2012-02-24 00:00:00,"Calle Lira, 198",Santiago,,Chile,,5.94,57,Luis,Rojas,,"Calle Lira, 198",Santiago,,Chile,,+56 (0)2 635 4444,,luisrojas@yahoo.cl,5
263,4,2012-02-27 00:00:00,Ullevålsveien 14,Oslo,,Norway,0171,8.91,4,Bjørn,Hansen,,Ullevålsveien 14,Oslo,,Norway,0171,+47 22 44 22 22,,bjorn.hansen@yahoo.no,4
264,13,2012-03-03 00:00:00,Qe 7 Bloco G,Brasília,DF,Brazil,71020-677,13.86,13,Fernanda,Ramos,,Qe 7 Bloco G,Brasília,DF,Brazil,71020-677,+55 (61) 3363-5547,+55 (61) 3363-7855,fernadaramos4@uol.com.br,4
265,27,2012-03-11 00:00:00,1033 N Park Ave,Tucson,AZ,USA,85719,0.99,27,Patrick,Gray,,1033 N Park Ave,Tucson,AZ,USA,85719,+1 (520) 622-4200,,patrick.gray@aol.com,4
266,28,2012-03-24 00:00:00,302 S 700 E,Salt Lake City,UT,USA,84102,1.98,28,Julia,Barnett,,302 S 700 E,Salt Lake City,UT,USA,84102,+1 (801) 531-7272,,jubarnett@gmail.com,5
267,30,2012-03-24 00:00:00,230 Elgin Street,Ottawa,ON,Canada,K2P 1L7,1.98,30,Edward,Francis,,230 Elgin Street,Ottawa,ON,Canada,K2P 1L7,+1 (613) 234-3322,,edfrancis@yachoo.ca,3
268,32,2012-03-25 00:00:00,696 Osborne Street,Winnipeg,MB,Canada,R3L 2B9,3.96,32,Aaron,Mitchell,,696 Osborne Street,Winnipeg,MB,Canada,R3L 2B9,+1 (204) 452-6452,,aaronmitchell@yahoo.ca,4
269,36,2012-03-26 00:00:00,Tauentzienstraße 8,Berlin,,Germany,10789,5.94,36,Hannah,Schneider,,Tauentzienstraße 8,Berlin,,Germany,10789,+49 030 26550280,,hannah.schneider@yahoo.de,5
270,42,2012-03-29 00:00:00,"9, Place Louis Barthou",Bordeaux,,France,33000,8.91,42,Wyatt,Girard,,"9, Place Louis Barthou",Bordeaux,,France,33000,+33 05 56 96 96 96,,wyatt.girard@yahoo.fr,3
271,51,2012-04-03 00:00:00,Celsiusg. 9,Stockholm,,Sweden,11230,13.86,51,Joakim,Johansson,,Celsiusg. 9,Stockholm,,Sweden,11230,+46 08-651 52 52,,joakim.johansson@yahoo.se,5
272,6,2012-04-11 00:00:00,Rilská 3174/6,Prague,,Czech Republic,14300,0.99,6,Helena,Holý,,Rilská 3174/6,Prague,,Czech Republic,14300,+420 2 4177 0449,,hholy@gmail.com,5
273,7,2012-04-24 00:00:00,"Rotenturmstraße 4, 1010 Innere Stadt",Vienne,,Austria,1010,1.98,7,Astrid,Gruber,,"Rotenturmstraße 4, 1010 Innere Stadt",Vienne,,Austria,1010,+43 01 5134505,,astrid.gruber@apple.at,5
274,9,2012-04-24 00:00:00,Sønder Boulevard 51,Copenhagen,,Denmark,1720,1.98,9,Kara,Nielsen,,Sønder Boulevard 51,Copenhagen,,Denmark,1720,+453 3331 9991,,kara.nielsen@jubii.dk,4
275,11,2012-04-25 00:00:00,"Av. Paulista, 2022",São Paulo,SP,Brazil,01310-200,3.96,11,Alexandre,Rocha,Banco do Brasil S.A.,"Av. Paulista, 2022",São Paulo,SP,Brazil,01310-200,+55 (11) 3055-3278,+55 (11) 3055-8131,alero@uol.com.br,5
276,15,2012-04-26 00:00:00,700 W Pender Street,Vancouver,BC,Canada,V6C 1G8,5.94,15,Jennifer,Peterson,Rogers Canada,700 W Pender Street,Vancouver,BC,Canada,V6C 1G8,+1 (604) 688-2255,+1 (604) 688-8756,jenniferp@rogers.ca,3
277,21,2012-04-29 00:00:00,801 W 4th Street,Reno,NV,USA,89503,8.91,21,Kathy,Chase,,801 W 4th Street,Reno,NV,USA,89503,+1 (775) 223-7665,,kachase@hotmail.com,5
278,30,2012-05-04 00:00:00,230 Elgin Street,Ottawa,ON,Canada,K2P 1L7,13.86,30,Edward,Francis,,230 Elgin Street,Ottawa,ON,Canada,K2P 1L7,+1 (613) 234-3322,,edfrancis@yachoo.ca,3
279,44,2012-05-12 00:00:00,Porthaninkatu 9,Helsinki,,Finland,00530,0.99,44,Terhi,Hämäläinen,,Porthaninkatu 9,Helsinki,,Finland,00530,+358 09 870 2000,,terhi.hamalainen@apple.fi,3
280,45,2012-05-25 00:00:00,Erzsébet krt. 58.,Budapest,,Hungary,H-1073,1.98,45,Ladislav,Kovács,,Erzsébet krt. 58.,Budapest,,Hungary,H-1073,,,ladislav_kovacs@apple.hu,3
281,47,2012-05-25 00:00:00,"Via Degli Scipioni, 43",Rome,RM,Italy,00192,1.98,47,Lucas,Mancini,,"Via Degli Scipioni, 43",Rome,RM,Italy,00192,+39 06 39733434,,lucas.mancini@yahoo.it,5
282,49,2012-05-26 00:00:00,Ordynacka 10,Warsaw,,Poland,00-358,3.96,49,Stanisław,Wójcik,,Ordynacka 10,Warsaw,,Poland,00-358,+48 22 828 37 39,,stanisław.wójcik@wp.pl,4
283,53,2012-05-27 00:00:00,113 Lupus St,London,,United Kingdom,SW1V 3EN,5.94,53,Phil,Hughes,,113 Lupus St,London,,United Kingdom,SW1V 3EN,+44 020 7976 5722,,phil.hughes@gmail.com,3
284,59,2012-05-30 00:00:00,"3,Raj Bhavan Road",Bangalore,,India,560001,8.91,59,Puja,Srivastava,,"3,Raj Bhavan Road",Bangalore,,India,560001,+91 080 22289999,,puja_srivastava@yahoo.in,3
285,9,2012-06-04 00:00:00,Sønder Boulevard 51,Copenhagen,,Denmark,1720,13.86,9,Kara,Nielsen,,Sønder Boulevard 51,Copenhagen,,Denmark,1720,+453 3331 9991,,kara.nielsen@jubii.dk,4
286,23,2012-06-12 00:00:00,69 Salem Street,Boston,MA,USA,2113,0.99,23,John,Gordon,,69 Salem Street,Boston,MA,USA,2113,+1 (617) 522-1333,,johngordon22@yahoo.com,4
287,24,2012-06-25 00:00:00,162 E Superior Street,Chicago,IL,USA,60611,1.98,24,Frank,Ralston,,162 E Superior Street,Chicago,IL,USA,60611,+1 (312) 332-3232,,fralston@gmail.com,3
288,26,2012-06-25 00:00:00,2211 W Berry Street,Fort Worth,TX,USA,76110,1.98,26,Richard,Cunningham,,2211 W Berry Street,Fort Worth,TX,USA,76110,+1 (817) 924-7272,,ricunningham@hotmail.com,4
289,28,2012-06-26 00:00:00,302 S 700 E,Salt Lake City,UT,USA,84102,3.96,28,Julia,Barnett,,302 S 700 E,Salt Lake City,UT,USA,84102,+1 (801) 531-7272,,jubarnett@gmail.com,5
290,32,2012-06-27 00:00:00,696 Osborne Street,Winnipeg,MB,Canada,R3L 2B9,5.94,32,Aaron,Mitchell,,696 Osborne Street,Winnipeg,MB,Canada,R3L 2B9,+1 (204) 452-6452,,aaronmitchell@yahoo.ca,4
291,38,2012-06-30 00:00:00,Barbarossastraße 19,Berlin,,Germany,10779,8.91,38,Niklas,Schröder,,Barbarossastraße 19,Berlin,,Germany,10779,+49 030 2141444,,nschroder@surfeu.de,3
292,47,2012-07-05 00:00:00,"Via Degli Scipioni, 43",Rome,RM,Italy,00192,13.86,47,Lucas,Mancini,,"Via Degli Scipioni, 43",Rome,RM,Italy,00192,+39 06 39733434,,lucas.mancini@yahoo.it,5
293,2,2012-07-13 00:00:00,Theodor-Heuss-Straße 34,Stuttgart,,Germany,70174,0.99,2,Leonie,Köhler,,Theodor-Heuss-Straße 34,Stuttgart,,Germany,70174,+49 0711 2842222,,leonekohler@surfeu.de,5
294,3,2012-07-26 00:00:00,1498 rue Bélanger,Montréal,QC,Canada,H2G 1A7,1.98,3,François,Tremblay,,1498 rue Bélanger,Montréal,QC,Canada,H2G 1A7,+1 (514) 721-4711,,ftremblay@gmail.com,3
295,5,2012-07-26 00:00:00,Klanova 9/506,Prague,,Czech Republic,14700,1.98,5,František,Wichterlová,JetBrains s.r.o.,Klanova 9/506,Prague,,Czech Republic,14700,+420 2 4172 5555,+420 2 4172 5555,frantisekw@jetbrains.com,4
296,7,2012-07-27 00:00:00,"Rotenturmstraße 4, 1010 Innere Stadt",Vienne,,Austria,1010,3.96,7,Astrid,Gruber,,"Rotenturmstraße 4, 1010 Innere Stadt",Vienne,,Austria,1010,+43 01 5134505,,astrid.gruber@apple.at,5
297,11,2012-07-28 00:00:00,"Av. Paulista, 2022",São Paulo,SP,Brazil,01310-200,5.94,11,Alexandre,Rocha,Banco do Brasil S.A.,"Av. Paulista, 2022",São Paulo,SP,Brazil,01310-200,+55 (11) 3055-3278,+55 (11) 3055-8131,alero@uol.com.br,5
298,17,2012-07-31 00:00:00,1 Microsoft Way,Redmond,WA,USA,98052-8300,10.91,17,Jack,Smith,Microsoft Corporation,1 Microsoft Way,Redmond,WA,USA,98052-8300,+1 (425) 882-8080,+1 (425) 882-8081,jacksmith@microsoft.com,5
299,26,2012-08-05 00:00:00,2211 W Berry Street,Fort Worth,TX,USA,76110,23.86,26,Richard,Cunningham,,2211 W Berry Street,Fort Worth,TX,USA,76110,+1 (817) 924-7272,,ricunningham@hotmail.com,4
300,40,2012-08-13 00:00:00,"8, Rue Hanovre",Paris,,France,75002,0.99,40,Dominique,Lefebvre,,"8, Rue Hanovre",Paris,,France,75002,+33 01 47 42 71 71,,dominiquelefebvre@gmail.com,4
301,41,2012-08-26 00:00:00,"11, Place Bellecour",Lyon,,France,69002,1.98,41,Marc,Dubois,,"11, Place Bellecour",Lyon,,France,69002,+33 04 78 30 30 30,,marc.dubois@hotmail.com,5
302,43,2012-08-26 00:00:00,"68, Rue Jouvence",Dijon,,France,21000,1.98,43,Isabelle,Mercier,,"68, Rue Jouvence",Dijon,,France,21000,+33 03 80 73 66 99,,isabelle_mercier@apple.fr,3
303,45,2012-08-27 00:00:00,Erzsébet krt. 58.,Budapest,,Hungary,H-1073,3.96,45,Ladislav,Kovács,,Erzsébet krt. 58.,Budapest,,Hungary,H-1073,,,ladislav_kovacs@apple.hu,3
304,49,2012-08-28 00:00:00,Ordynacka 10,Warsaw,,Poland,00-358,5.94,49,Stanisław,Wójcik,,Ordynacka 10,Warsaw,,Poland,00-358,+48 22 828 37 39,,stanisław.wójcik@wp.pl,4
305,55,2012-08-31 00:00:00,421 Bourke Street,Sidney,NSW,Australia,2010,8.91,55,Mark,Taylor,,421 Bourke Street,Sidney,NSW,Australia,2010,+61 (02) 9332 3633,,mark.taylor@yahoo.au,4
306,5,2012-09-05 00:00:00,Klanova 9/506,Prague,,Czech Republic,14700,16.86,5,František,Wichterlová,JetBrains s.r.o.,Klanova 9/506,Prague,,Czech Republic,14700,+420 2 4172 5555,+420 2 4172 5555,frantisekw@jetbrains.com,4
307,19,2012-09-13 00:00:00,1 Infinite Loop,Cupertino,CA,USA,95014,1.99,19,Tim,Goyer,Apple Inc.,1 Infinite Loop,Cupertino,CA,USA,95014,+1 (408) 996-1010,+1 (408) 996-1011,tgoyer@apple.com,3
308,20,2012-09-26 00:00:00,541 Del Medio Avenue,Mountain View,CA,USA,94040-111,3.98,20,Dan,Miller,,541 Del Medio Avenue,Mountain View,CA,USA,94040-111,+1 (650) 644-3358,,dmiller@comcast.com,4
309,22,2012-09-26 00:00:00,120 S Orange Ave,Orlando,FL,USA,32801,3.98,22,Heather,Leacock,,120 S Orange Ave,Orlando,FL,USA,32801,+1 (407) 999-7788,,hleacock@gmail.com,4
310,24,2012-09-27 00:00:00,162 E Superior Street,Chicago,IL,USA,60611,7.96,24,Frank,Ralston,,162 E Superior Street,Chicago,IL,USA,60611,+1 (312) 332-3232,,fralston@gmail.com,3
311,28,2012-09-28 00:00:00,302 S 700 E,Salt Lake City,UT,USA,84102,11.94,28,Julia,Barnett,,302 S 700 E,Salt Lake City,UT,USA,84102,+1 (801) 531-7272,,jubarnett@gmail.com,5
312,34,2012-10-01 00:00:00,Rua da Assunção 53,Lisbon,,Portugal,,10.91,34,João,Fernandes,,Rua da Assunção 53,Lisbon,,Portugal,,+351 (213) 466-111,,jfernandes@yahoo.pt,4
313,43,2012-10-06 00:00:00,"68, Rue Jouvence",Dijon,,France,21000,16.86,43,Isabelle,Mercier,,"68, Rue Jouvence",Dijon,,France,21000,+33 03 80 73 66 99,,isabelle_mercier@apple.fr,3
314,57,2012-10-14 00:00:00,"Calle Lira, 198",Santiago,,Chile,,0.99,57,Luis,Rojas,,"Calle Lira, 198",Santiago,,Chile,,+56 (0)2 635 4444,,luisrojas@yahoo.cl,5
315,58,2012-10-27 00:00:00,"12,Community Centre",Delhi,,India,110017,1.98,58,Manoj,Pareek,,"12,Community Centre",Delhi,,India,110017,+91 0124 39883988,,manoj.pareek@rediff.com,3
316,1,2012-10-27 00:00:00,"Av. Brigadeiro Faria Lima, 2170",São José dos Campos,SP,Brazil,12227-000,1.98,1,Luís,Gonçalves,Embraer - Empresa Brasileira de Aeronáutica S.A.,"Av. Brigadeiro Faria Lima, 2170",São José dos Campos,SP,Brazil,12227-000,+55 (12) 3923-5555,+55 (12) 3923-5566,luisg@embraer.com.br,3
317,3,2012-10-28 00:00:00,1498 rue Bélanger,Montréal,QC,Canada,H2G 1A7,3.96,3,François,Tremblay,,1498 rue Bélanger,Montréal,QC,Canada,H2G 1A7,+1 (514) 721-4711,,ftremblay@gmail.com,3
318,7,2012-10-29 00:00:00,"Rotenturmstraße 4, 1010 Innere Stadt",Vienne,,Austria,1010,5.94,7,Astrid,Gruber,,"Rotenturmstraße 4, 1010 Innere Stadt",Vienne,,Austria,1010,+43 01 5134505,,astrid.gruber@apple.at,5
319,13,2012-11-01 00:00:00,Qe 7 Bloco G,Brasília,DF,Brazil,71020-677,8.91,13,Fernanda,Ramos,,Qe 7 Bloco G,Brasília,DF,Brazil,71020-677,+55 (61) 3363-5547,+55 (61) 3363-7855,fernadaramos4@uol.com.br,4
320,22,2012-11-06 00:00:00,120 S Orange Ave,Orlando,FL,USA,32801,13.86,22,Heather,Leacock,,120 S Orange Ave,Orlando,FL,USA,32801,+1 (407) 999-7788,,hleacock@gmail.com,4
321,36,2012-11-14 00:00:00,Tauentzienstraße 8,Berlin,,Germany,10789,0.99,36,Hannah,Schneider,,Tauentzienstraße 8,Berlin,,Germany,10789,+49 030 26550280,,hannah.schneider@yahoo.de,5
322,37,2012-11-27 00:00:00,Berger Straße 10,Frankfurt,,Germany,60316,1.98,37,Fynn,Zimmermann,,Berger Straße 10,Frankfurt,,Germany,60316,+49 069 40598889,,fzimmermann@yahoo.de,3
323,39,2012-11-27 00:00:00,"4, Rue Milton",Paris,,France,75009,1.98,39,Camille,Bernard,,"4, Rue Milton",Paris,,France,75009,+33 01 49 70 65 65,,camille.bernard@yahoo.fr,4
324,41,2012-11-28 00:00:00,"11, Place Bellecour",Lyon,,France,69002,3.96,41,Marc,Dubois,,"11, Place Bellecour",Lyon,,France,69002,+33 04 78 30 30 30,,marc.dubois@hotmail.com,5
325,45,2012-11-29 00:00:00,Erzsébet krt. 58.,Budapest,,Hungary,H-1073,5.94,45,Ladislav,Kovács,,Erzsébet krt. 58.,Budapest,,Hungary,H-1073,,,ladislav_kovacs@apple.hu,3
326,51,2012-12-02 00:00:00,Celsiusg. 9,Stockholm,,Sweden,11230,8.91,51,Joakim,Johansson,,Celsiusg. 9,Stockholm,,Sweden,11230,+46 08-651 52 52,,joakim.johansson@yahoo.se,5
327,1,2012-12-07 00:00:00,"Av. Brigadeiro Faria Lima, 2170",São José dos Campos,SP,Brazil,12227-000,13.86,1,Luís,Gonçalves,Embraer - Empresa Brasileira de Aeronáutica S.A.,"Av. Brigadeiro Faria Lima, 2170",São José dos Campos,SP,Brazil,12227-000,+55 (12) 3923-5555,+55 (12) 3923-5566,luisg@embraer.com.br,3
328,15,2012-12-15 00:00:00,700 W Pender Street,Vancouver,BC,Canada,V6C 1G8,0.99,15,Jennifer,Peterson,Rogers Canada,700 W Pender Street,Vancouver,BC,Canada,V6C 1G8,+1 (604) 688-2255,+1 (604) 688-8756,jenniferp@rogers.ca,3
329,16,2012-12-28 00:00:00,1600 Amphitheatre Parkway,Mountain View,CA,USA,94043-1351,1.98,16,Frank,Harris,Google Inc.,1600 Amphitheatre Parkway,Mountain View,CA,USA,94043-1351,+1 (650) 253-0000,+1 (650) 253-0000,fharris@google.com,4
330,18,2012-12-28 00:00:00,627 Broadway,New York,NY,USA,10012-2612,1.98,18,Michelle,Brooks,,627 Broadway,New York,NY,USA,10012-2612,+1 (212) 221-3546,+1 (212) 221-4679,michelleb@aol.com,3
331,20,2012-12-29 00:00:00,541 Del Medio Avenue,Mountain View,CA,USA,94040-111,3.96,20,Dan,Miller,,541 Del Medio Avenue,Mountain View,CA,USA,94040-111,+1 (650) 644-3358,,dmiller@comcast.com,4
332,24,2012-12-30 00:00:00,162 E Superior Street,Chicago,IL,USA,60611,5.94,24,Frank,Ralston,,162 E Superior Street,Chicago,IL,USA,60611,+1 (312) 332-3232,,fralston@gmail.com,3
333,30,2013-01-02 00:00:00,230 Elgin Street,Ottawa,ON,Canada,K2P 1L7,8.91,30,Edward,Francis,,230 Elgin Street,Ottawa,ON,Canada,K2P 1L7,+1 (613) 234-3322,,edfrancis@yachoo.ca,3
334,39,2013-01-07 00:00:00,"4, Rue Milton",Paris,,France,75009,13.86,39,Camille,Bernard,,"4, Rue Milton",Paris,,France,75009,+33 01 49 70 65 65,,camille.bernard@yahoo.fr,4
335,53,2013-01-15 00:00:00,113 Lupus St,London,,United Kingdom,SW1V 3EN,0.99,53,Phil,Hughes,,113 Lupus St,London,,United Kingdom,SW1V 3EN,+44 020 7976 5722,,phil.hughes@gmail.com,3
336,54,2013-01-28 00:00:00,110 Raeburn Pl,Edinburgh ,,United Kingdom,EH4 1HH,1.98,54,Steve,Murray,,110 Raeburn Pl,Edinburgh ,,United Kingdom,EH4 1HH,+44 0131 315 3300,,steve.murray@yahoo.uk,5
337,56,2013-01-28 00:00:00,307 Macacha Güemes,Buenos Aires,,Argentina,1106,1.98,56,Diego,Gutiérrez,,307 Macacha Güemes,Buenos Aires,,Argentina,1106,+54 (0)11 4311 4333,,diego.gutierrez@yahoo.ar,4
338,58,2013-01-29 00:00:00,"12,Community Centre",Delhi,,India,110017,3.96,58,Manoj,Pareek,,"12,Community Centre",Delhi,,India,110017,+91 0124 39883988,,manoj.pareek@rediff.com,3
339,3,2013-01-30 00:00:00,1498 rue Bélanger,Montréal,QC,Canada,H2G 1A7,5.94,3,François,Tremblay,,1498 rue Bélanger,Montréal,QC,Canada,H2G 1A7,+1 (514) 721-4711,,ftremblay@gmail.com,3
340,9,2013-02-02 00:00:00,Sønder Boulevard 51,Copenhagen,,Denmark,1720,8.91,9,Kara,Nielsen,,Sønder Boulevard 51,Copenhagen,,Denmark,1720,+453 3331 9991,,kara.nielsen@jubii.dk,4
341,18,2013-02-07 00:00:00,627 Broadway,New York,NY,USA,10012-2612,13.86,18,Michelle,Brooks,,627 Broadway,New York,NY,USA,10012-2612,+1 (212) 221-3546,+1 (212) 221-4679,michelleb@aol.com,3
342,32,2013-02-15 00:00:00,696 Osborne Street,Winnipeg,MB,Canada,R3L 2B9,0.99,32,Aaron,Mitchell,,696 Osborne Street,Winnipeg,MB,Canada,R3L 2B9,+1 (204) 452-6452,,aaronmitchell@yahoo.ca,4
343,33,2013-02-28 00:00:00,5112 48 Street,Yellowknife,NT,Canada,X1A 1N6,1.98,33,Ellie,Sullivan,,5112 48 Street,Yellowknife,NT,Canada,X1A 1N6,+1 (867) 920-2233,,ellie.sullivan@shaw.ca,3
344,35,2013-02-28 00:00:00,"Rua dos Campeões Europeus de Viena, 4350",Porto,,Portugal,,1.98,35,Madalena,Sampaio,,"Rua dos Campeões Europeus de Viena, 4350",Porto,,Portugal,,+351 (225) 022-448,,masampaio@sapo.pt,4
345,37,2013-03-01 00:00:00,Berger Straße 10,Frankfurt,,Germany,60316,3.96,37,Fynn,Zimmermann,,Berger Straße 10,Frankfurt,,Germany,60316,+49 069 40598889,,fzimmermann@yahoo.de,3
346,41,2013-03-02 00:00:00,"11, Place Bellecour",Lyon,,France,69002,5.94,41,Marc,Dubois,,"11, Place Bellecour",Lyon,,France,69002,+33 04 78 30 30 30,,marc.dubois@hotmail.com,5
347,47,2013-03-05 00:00:00,"Via Degli Scipioni, 43",Rome,RM,Italy,00192,8.91,47,Lucas,Mancini,,"Via Degli Scipioni, 43",Rome,RM,Italy,00192,+39 06 39733434,,lucas.mancini@yahoo.it,5
348,56,2013-03-10 00:00:00,307 Macacha Güemes,Buenos Aires,,Argentina,1106,13.86,56,Diego,Gutiérrez,,307 Macacha Güemes,Buenos Aires,,Argentina,1106,+54 (0)11 4311 4333,,diego.gutierrez@yahoo.ar,4
349,11,2013-03-18 00:00:00,"Av. Paulista, 2022",São Paulo,SP,Brazil,01310-200,0.99,11,Alexandre,Rocha,Banco do Brasil S.A.,"Av. Paulista, 2022",São Paulo,SP,Brazil,01310-200,+55 (11) 3055-3278,+55 (11) 3055-8131,alero@uol.com.br,5
350,12,2013-03-31 00:00:00,"Praça Pio X, 119",Rio de Janeiro,RJ,Brazil,20040-020,1.98,12,Roberto,Almeida,Riotur,"Praça Pio X, 119",Rio de Janeiro,RJ,Brazil,20040-020,+55 (21) 2271-7000,+55 (21) 2271-7070,roberto.almeida@riotur.gov.br,3
351,14,2013-03-31 00:00:00,8210 111 ST NW,Edmonton,AB,Canada,T6G 2C7,1.98,14,Mark,Philips,Telus,8210 111 ST NW,Edmonton,AB,Canada,T6G 2C7,+1 (780) 434-4554,+1 (780) 434-5565,mphilips12@shaw.ca,5
352,16,2013-04-01 00:00:00,1600 Amphitheatre Parkway,Mountain View,CA,USA,94043-1351,3.96,16,Frank,Harris,Google Inc.,1600 Amphitheatre Parkway,Mountain View,CA,USA,94043-1351,+1 (650) 253-0000,+1 (650) 253-0000,fharris@google.com,4
353,20,2013-04-02 00:00:00,541 Del Medio Avenue,Mountain View,CA,USA,94040-111,5.94,20,Dan,Miller,,541 Del Medio Avenue,Mountain View,CA,USA,94040-111,+1 (650) 644-3358,,dmiller@comcast.com,4
354,26,2013-04-05 00:00:00,2211 W Berry Street,Fort Worth,TX,USA,76110,8.91,26,Richard,Cunningham,,2211 W Berry Street,Fort Worth,TX,USA,76110,+1 (817) 924-7272,,ricunningham@hotmail.com,4
355,35,2013-04-10 00:00:00,"Rua dos Campeões Europeus de Viena, 4350",Porto,,Portugal,,13.86,35,Madalena,Sampaio,,"Rua dos Campeões Europeus de Viena, 4350",Porto,,Portugal,,+351 (225) 022-448,,masampaio@sapo.pt,4
356,49,2013-04-18 00:00:00,Ordynacka 10,Warsaw,,Poland,00-358,0.99,49,Stanisław,Wójcik,,Ordynacka 10,Warsaw,,Poland,00-358,+48 22 828 37 39,,stanisław.wójcik@wp.pl,4
357,50,2013-05-01 00:00:00,C/ San Bernardo 85,Madrid,,Spain,28015,1.98,50,Enrique,Muñoz,,C/ San Bernardo 85,Madrid,,Spain,28015,+34 914 454 454,,enrique_munoz@yahoo.es,5
358,52,2013-05-01 00:00:00,202 Hoxton Street,London,,United Kingdom,N1 5LH,1.98,52,Emma,Jones,,202 Hoxton Street,London,,United Kingdom,N1 5LH,+44 020 7707 0707,,emma_jones@hotmail.com,3
359,54,2013-05-02 00:00:00,110 Raeburn Pl,Edinburgh ,,United Kingdom,EH4 1HH,3.96,54,Steve,Murray,,110 Raeburn Pl,Edinburgh ,,United Kingdom,EH4 1HH,+44 0131 315 3300,,steve.murray@yahoo.uk,5
360,58,2013-05-03 00:00:00,"12,Community Centre",Delhi,,India,110017,5.94,58,Manoj,Pareek,,"12,Community Centre",Delhi,,India,110017,+91 0124 39883988,,manoj.pareek@rediff.com,3
361,5,2013-05-06 00:00:00,Klanova 9/506,Prague,,Czech Republic,14700,8.91,5,František,Wichterlová,JetBrains s.r.o.,Klanova 9/506,Prague,,Czech Republic,14700,+420 2 4172 5555,+420 2 4172 5555,frantisekw@jetbrains.com,4
362,14,2013-05-11 00:00:00,8210 111 ST NW,Edmonton,AB,Canada,T6G 2C7,13.86,14,Mark,Philips,Telus,8210 111 ST NW,Edmonton,AB,Canada,T6G 2C7,+1 (780) 434-4554,+1 (780) 434-5565,mphilips12@shaw.ca,5
363,28,2013-05-19 00:00:00,302 S 700 E,Salt Lake City,UT,USA,84102,0.99,28,Julia,Barnett,,302 S 700 E,Salt Lake City,UT,USA,84102,+1 (801) 531-7272,,jubarnett@gmail.com,5
364,29,2013-06-01 00:00:00,796 Dundas Street West,Toronto,ON,Canada,M6J 1V1,1.98,29,Robert,Brown,,796 Dundas Street West,Toronto,ON,Canada,M6J 1V1,+1 (416) 363-8888,,robbrown@shaw.ca,3
365,31,2013-06-01 00:00:00,194A Chain Lake Drive,Halifax,NS,Canada,B3S 1C5,1.98,31,Martha,Silk,,194A Chain Lake Drive,Halifax,NS,Canada,B3S 1C5,+1 (902) 450-0450,,marthasilk@gmail.com,5
366,33,2013-06-02 00:00:00,5112 48 Street,Yellowknife,NT,Canada,X1A 1N6,3.96,33,Ellie,Sullivan,,5112 48 Street,Yellowknife,NT,Canada,X1A 1N6,+1 (867) 920-2233,,ellie.sullivan@shaw.ca,3
367,37,2013-06-03 00:00:00,Berger Straße 10,Frankfurt,,Germany,60316,5.94,37,Fynn,Zimmermann,,Berger Straße 10,Frankfurt,,Germany,60316,+49 069 40598889,,fzimmermann@yahoo.de,3
368,43,2013-06-06 00:00:00,"68, Rue Jouvence",Dijon,,France,21000,8.91,43,Isabelle,Mercier,,"68, Rue Jouvence",Dijon,,France,21000,+33 03 80 73 66 99,,isabelle_mercier@apple.fr,3
369,52,2013-06-11 00:00:00,202 Hoxton Street,London,,United Kingdom,N1 5LH,13.86,52,Emma,Jones,,202 Hoxton Street,London,,United Kingdom,N1 5LH,+44 020 7707 0707,,emma_jones@hotmail.com,3
370,7,2013-06-19 00:00:00,"Rotenturmstraße 4, 1010 Innere Stadt",Vienne,,Austria,1010,0.99,7,Astrid,Gruber,,"Rotenturmstraße 4, 1010 Innere Stadt",Vienne,,Austria,1010,+43 01 5134505,,astrid.gruber@apple.at,5
371,8,2013-07-02 00:00:00,Grétrystraat 63,Brussels,,Belgium,1000,1.98,8,Daan,Peeters,,Grétrystraat 63,Brussels,,Belgium,1000,+32 02 219 03 03,,daan_peeters@apple.be,4
372,10,2013-07-02 00:00:00,"Rua Dr. Falcão Filho, 155",São Paulo,SP,Brazil,01007-010,1.98,10,Eduardo,Martins,Woodstock Discos,"Rua Dr. Falcão Filho, 155",São Paulo,SP,Brazil,01007-010,+55 (11) 3033-5446,+55 (11) 3033-4564,eduardo@woodstock.com.br,4
373,12,2013-07-03 00:00:00,"Praça Pio X, 119",Rio de Janeiro,RJ,Brazil,20040-020,3.96,12,Roberto,Almeida,Riotur,"Praça Pio X, 119",Rio de Janeiro,RJ,Brazil,20040-020,+55 (21) 2271-7000,+55 (21) 2271-7070,roberto.almeida@riotur.gov.br,3
374,16,2013-07-04 00:00:00,1600 Amphitheatre Parkway,Mountain View,CA,USA,94043-1351,5.94,16,Frank,Harris,Google Inc.,1600 Amphitheatre Parkway,Mountain View,CA,USA,94043-1351,+1 (650) 253-0000,+1 (650) 253-0000,fharris@google.com,4
375,22,2013-07-07 00:00:00,120 S Orange Ave,Orlando,FL,USA,32801,8.91,22,Heather,Leacock,,120 S Orange Ave,Orlando,FL,USA,32801,+1 (407) 999-7788,,hleacock@gmail.com,4
376,31,2013-07-12 00:00:00,194A Chain Lake Drive,Halifax,NS,Canada,B3S 1C5,13.86,31,Martha,Silk,,194A Chain Lake Drive,Halifax,NS,Canada,B3S 1C5,+1 (902) 450-0450,,marthasilk@gmail.com,5
377,45,2013-07-20 00:00:00,Erzsébet krt. 58.,Budapest,,Hungary,H-1073,0.99,45,Ladislav,Kovács,,Erzsébet krt. 58.,Budapest,,Hungary,H-1073,,,ladislav_kovacs@apple.hu,3
378,46,2013-08-02 00:00:00,3 Chatham Street,Dublin,Dublin,Ireland,,1.98,46,Hugh,O'Reilly,,3 Chatham Street,Dublin,Dublin,Ireland,,+353 01 6792424,,hughoreilly@apple.ie,3
379,48,2013-08-02 00:00:00,Lijnbaansgracht 120bg,Amsterdam,VV,Netherlands,1016,1.98,48,Johannes,Van der Berg,,Lijnbaansgracht 120bg,Amsterdam,VV,Netherlands,1016,+31 020 6223130,,johavanderberg@yahoo.nl,5
380,50,2013-08-03 00:00:00,C/ San Bernardo 85,Madrid,,Spain,28015,3.96,50,Enrique,Muñoz,,C/ San Bernardo 85,Madrid,,Spain,28015,+34 914 454 454,,enrique_munoz@yahoo.es,5
381,54,2013-08-04 00:00:00,110 Raeburn Pl,Edinburgh ,,United Kingdom,EH4 1HH,5.94,54,Steve,Murray,,110 Raeburn Pl,Edinburgh ,,United Kingdom,EH4 1HH,+44 0131 315 3300,,steve.murray@yahoo.uk,5
382,1,2013-08-07 00:00:00,"Av. Brigadeiro Faria Lima, 2170",São José dos Campos,SP,Brazil,12227-000,8.91,1,Luís,Gonçalves,Embraer - Empresa Brasileira de Aeronáutica S.A.,"Av. Brigadeiro Faria Lima, 2170",São José dos Campos,SP,Brazil,12227-000,+55 (12) 3923-5555,+55 (12) 3923-5566,luisg@embraer.com.br,3
383,10,2013-08-12 00:00:00,"Rua Dr. Falcão Filho, 155",São Paulo,SP,Brazil,01007-010,13.86,10,Eduardo,Martins,Woodstock Discos,"Rua Dr. Falcão Filho, 155",São Paulo,SP,Brazil,01007-010,+55 (11) 3033-5446,+55 (11) 3033-4564,eduardo@woodstock.com.br,4
384,24,2013-08-20 00:00:00,162 E Superior Street,Chicago,IL,USA,60611,0.99,24,Frank,Ralston,,162 E Superior Street,Chicago,IL,USA,60611,+1 (312) 332-3232,,fralston@gmail.com,3
385,25,2013-09-02 00:00:00,319 N. Frances Street,Madison,WI,USA,53703,1.98,25,Victor,Stevens,,319 N. Frances Street,Madison,WI,USA,53703,+1 (608) 257-0597,,vstevens@yahoo.com,5
386,27,2013-09-02 00:00:00,1033 N Park Ave,Tucson,AZ,USA,85719,1.98,27,Patrick,Gray,,1033 N Park Ave,Tucson,AZ,USA,85719,+1 (520) 622-4200,,patrick.gray@aol.com,4
387,29,2013-09-03 00:00:00,796 Dundas Street West,Toronto,ON,Canada,M6J 1V1,3.96,29,Robert,Brown,,796 Dundas Street West,Toronto,ON,Canada,M6J 1V1,+1 (416) 363-8888,,robbrown@shaw.ca,3
388,33,2013-09-04 00:00:00,5112 48 Street,Yellowknife,NT,Canada,X1A 1N6,5.94,33,Ellie,Sullivan,,5112 48 Street,Yellowknife,NT,Canada,X1A 1N6,+1 (867) 920-2233,,ellie.sullivan@shaw.ca,3
389,39,2013-09-07 00:00:00,"4, Rue Milton",Paris,,France,75009,8.91,39,Camille,Bernard,,"4, Rue Milton",Paris,,France,75009,+33 01 49 70 65 65,,camille.bernard@yahoo.fr,4
390,48,2013-09-12 00:00:00,Lijnbaansgracht 120bg,Amsterdam,VV,Netherlands,1016,13.86,48,Johannes,Van der Berg,,Lijnbaansgracht 120bg,Amsterdam,VV,Netherlands,1016,+31 020 6223130,,johavanderberg@yahoo.nl,5
391,3,2013-09-20 00:00:00,1498 rue Bélanger,Montréal,QC,Canada,H2G 1A7,0.99,3,François,Tremblay,,1498 rue Bélanger,Montréal,QC,Canada,H2G 1A7,+1 (514) 721-4711,,ftremblay@gmail.com,3
392,4,2013-10-03 00:00:00,Ullevålsveien 14,Oslo,,Norway,0171,1.98,4,Bjørn,Hansen,,Ullevålsveien 14,Oslo,,Norway,0171,+47 22 44 22 22,,bjorn.hansen@yahoo.no,4
393,6,2013-10-03 00:00:00,Rilská 3174/6,Prague,,Czech Republic,14300,1.98,6,Helena,Holý,,Rilská 3174/6,Prague,,Czech Republic,14300,+420 2 4177 0449,,hholy@gmail.com,5
394,8,2013-10-04 00:00:00,Grétrystraat 63,Brussels,,Belgium,1000,3.96,8,Daan,Peeters,,Grétrystraat 63,Brussels,,Belgium,1000,+32 02 219 03 03,,daan_peeters@apple.be,4
395,12,2013-10-05 00:00:00,"Praça Pio X, 119",Rio de Janeiro,RJ,Brazil,20040-020,5.94,12,Roberto,Almeida,Riotur,"Praça Pio X, 119",Rio de Janeiro,RJ,Brazil,20040-020,+55 (21) 2271-7000,+55 (21) 2271-7070,roberto.almeida@riotur.gov.br,3
396,18,2013-10-08 00:00:00,627 Broadway,New York,NY,USA,10012-2612,8.91,18,Michelle,Brooks,,627 Broadway,New York,NY,USA,10012-2612,+1 (212) 221-3546,+1 (212) 221-4679,michelleb@aol.com,3
397,27,2013-10-13 00:00:00,1033 N Park Ave,Tucson,AZ,USA,85719,13.86,27,Patrick,Gray,,1033 N Park Ave,Tucson,AZ,USA,85719,+1 (520) 622-4200,,patrick.gray@aol.com,4
398,41,2013-10-21 00:00:00,"11, Place Bellecour",Lyon,,France,69002,0.99,41,Marc,Dubois,,"11, Place Bellecour",Lyon,,France,69002,+33 04 78 30 30 30,,marc.dubois@hotmail.com,5
399,42,2013-11-03 00:00:00,"9, Place Louis Barthou",Bordeaux,,France,33000,1.98,42,Wyatt,Girard,,"9, Place Louis Barthou",Bordeaux,,France,33000,+33 05 56 96 96 96,,wyatt.girard@yahoo.fr,3
400,44,2013-11-03 00:00:00,Porthaninkatu 9,Helsinki,,Finland,00530,1.98,44,Terhi,Hämäläinen,,Porthaninkatu 9,Helsinki,,Finland,00530,+358 09 870 2000,,terhi.hamalainen@apple.fi,3
401,46,2013-11-04 00:00:00,3 Chatham Street,Dublin,Dublin,Ireland,,3.96,46,Hugh,O'Reilly,,3 Chatham Street,Dublin,Dublin,Ireland,,+353 01 6792424,,hughoreilly@apple.ie,3
402,50,2013-11-05 00:00:00,C/ San Bernardo 85,Madrid,,Spain,28015,5.94,50,Enrique,Muñoz,,C/ San Bernardo 85,Madrid,,Spain,28015,+34 914 454 454,,enrique_munoz@yahoo.es,5
403,56,2013-11-08 00:00:00,307 Macacha Güemes,Buenos Aires,,Argentina,1106,8.91,56,Diego,Gutiérrez,,307 Macacha Güemes,Buenos Aires,,Argentina,1106,+54 (0)11 4311 4333,,diego.gutierrez@yahoo.ar,4
404,6,2013-11-13 00:00:00,Rilská 3174/6,Prague,,Czech Republic,14300,25.86,6,Helena,Holý,,Rilská 3174/6,Prague,,Czech Republic,14300,+420 2 4177 0449,,hholy@gmail.com,5
405,20,2013-11-21 00:00:00,541 Del Medio Avenue,Mountain View,CA,USA,94040-111,0.99,20,Dan,Miller,,541 Del Medio Avenue,Mountain View,CA,USA,94040-111,+1 (650) 644-3358,,dmiller@comcast.com,4
406,21,2013-12-04 00:00:00,801 W 4th Street,Reno,NV,USA,89503,1.98,21,Kathy,Chase,,801 W 4th Street,Reno,NV,USA,89503,+1 (775) 223-7665,,kachase@hotmail.com,5
407,23,2013-12-04 00:00:00,69 Salem Street,Boston,MA,USA,2113,1.98,23,John,Gordon,,69 Salem Street,Boston,MA,USA,2113,+1 (617) 522-1333,,johngordon22@yahoo.com,4
408,25,2013-12-05 00:00:00,319 N. Frances Street,Madison,WI,USA,53703,3.96,25,Victor,Stevens,,319 N. Frances Street,Madison,WI,USA,53703,+1 (608) 257-0597,,vstevens@yahoo.com,5
409,29,2013-12-06 00:00:00,796 Dundas Street West,Toronto,ON,Canada,M6J 1V1,5.94,29,Robert,Brown,,796 Dundas Street West,Toronto,ON,Canada,M6J 1V1,+1 (416) 363-8888,,robbrown@shaw.ca,3
410,35,2013-12-09 00:00:00,"Rua dos Campeões Europeus de Viena, 4350",Porto,,Portugal,,8.91,35,Madalena,Sampaio,,"Rua dos Campeões Europeus de Viena, 4350",Porto,,Portugal,,+351 (225) 022-448,,masampaio@sapo.pt,4
411,44,2013-12-14 00:00:00,Porthaninkatu 9,Helsinki,,Finland,00530,13.86,44,Terhi,Hämäläinen,,Porthaninkatu 9,Helsinki,,Finland,00530,+358 09 870 2000,,terhi.hamalainen@apple.fi,3
412,58,2013-12-22 00:00:00,"12,Community Centre",Delhi,,India,110017,1.99,58,Manoj,Pareek,,"12,Community Centre",Delhi,,India,110017,+91 0124 39883988,,manoj.pareek@rediff.com,3
413,60,2011-11-01 00:00:00,,,,,,1000.86,60,John,Doeein,,,,,,,,,,3
